CourseID,CNUM,SECTION,INSTNAME,A +,A,A -,B +,B,B -,C +,C,C -,D +,D,D -,F
AEROSPC,1,1,"STONE, B E        ",6,2,3,1,0,1,0,0,0,0,0,0,0
AFRICAM, 004A,1,"NWOKEJI, G        ",0,9,9,22,26,9,6,1,4,1,2,1,1
AFRICAM, 005B,1,"ALLEN, R          ",9,20,15,14,7,12,3,2,6,0,0,0,2
AFRICAM, 027AC,1,"HINTZEN, P C      ",2,18,26,20,17,7,8,4,3,0,1,2,2
AFRICAM, 039B,1,"PATTON, J E       ",1,8,3,4,2,0,0,0,1,0,0,0,0
AFRICAM, 039B,2,"STANLEY, C        ",1,1,5,2,6,2,0,0,0,0,0,0,0
AFRICAM,100,1,"RAIFORD, L        ",1,6,3,4,1,4,2,0,1,0,0,1,1
AFRICAM, 112A,1,"HINTZEN, P C      ",0,7,11,8,10,5,1,1,0,0,0,0,3
AFRICAM,116,1,"TAYLOR, U Y       ",0,5,2,7,6,0,5,2,4,2,1,4,2
AFRICAM,138,1,"HENRY, C P        ",0,5,7,2,13,6,4,2,0,1,0,0,1
AFRICAM, 142AC,1,"COHEN, M M        ",0,19,14,13,19,1,2,3,1,0,0,0,1
AFRICAM,155,1,"NANDA, A          ",2,7,8,7,4,0,1,1,0,0,0,0,0
AFRICAM,159,1,"SCOTT, D          ",0,6,11,5,2,4,4,1,0,1,0,0,3
AFRICAM,159,2,"DE LEON, A        ",0,3,4,4,4,0,0,1,0,0,0,0,0
AFRICAM,C011A,1,"MCHOMBO, S A      ",1,8,2,1,0,1,0,0,0,0,0,0,0
AFRICAM,C011A,2,"MCHOMBO, S A      ",1,5,3,1,0,0,1,0,0,0,0,0,0
AFRICAM,C134,1,"LAGUERRE, M S     ",0,6,2,0,1,2,0,0,1,0,0,0,0
AFRICAM,R001A,1,"TAYLOR, U Y       ",0,8,7,13,2,1,0,1,0,0,1,0,0
AFRICAM,R001B,1,"NANDA, A          ",2,5,7,8,7,2,1,1,1,0,0,0,1
AMERSTD,10,1,"MORAN, K S        ",0,25,19,17,23,6,2,5,0,0,0,0,1
AMERSTD,101,1,"PALMER, C         ",0,3,8,7,12,7,5,0,3,0,3,0,3
AMERSTD,102,1,"BIESTMAN, K W     ",0,3,5,0,9,4,1,6,1,2,0,2,1
AMERSTD, 139AC,1,"BRILLIANT, M      ",1,3,4,6,18,9,7,6,5,1,2,1,4
AMERSTD,C111E,1,"OTTER, S          ",0,2,6,6,6,5,2,1,0,0,0,0,0
AMERSTD,C112A,1,"GROTH, P E        ",0,5,7,3,5,5,4,3,5,0,1,0,2
AMERSTD,C132B,1,"HOLLINGER, D A    ",0,2,1,3,2,2,0,0,2,0,1,0,2
AMERSTD,C134,1,"LAGUERRE, M S     ",0,10,3,0,0,2,2,0,0,0,0,0,0
AMERSTD,H110,1,"MCQUADE, D A      ",0,8,3,0,0,0,0,0,0,0,0,0,0
ANTHRO, 002AC,1,"LIGHTFOOT, K G    ",10,108,73,36,26,10,14,8,3,2,2,1,5
ANTHRO, 003AC,1,"HUBBARD, L        ",1,71,150,62,59,41,18,9,6,2,0,1,8
ANTHRO,112,3,"DEACON, T W       ",0,10,10,10,7,6,3,4,1,0,0,0,2
ANTHRO,115,1,"COHEN, L          ",5,33,22,11,4,2,0,0,0,0,0,0,1
ANTHRO, 121AC,1,"WILKIE, L A       ",4,51,16,18,38,7,6,6,5,1,0,0,1
ANTHRO, 127A,1,"AGARWAL, S C      ",4,5,4,1,2,0,0,1,0,0,0,0,0
ANTHRO, 132A,1,"RODDICK, A P      ",4,2,3,1,2,0,1,1,0,0,0,0,0
ANTHRO, 136H,1,"CONKEY, M W       ",9,3,3,3,1,2,0,0,0,0,0,0,1
ANTHRO,137,1,"NADER, L          ",7,42,67,43,22,18,13,5,3,2,4,1,4
ANTHRO,141,1,"LIU, X            ",5,11,4,5,1,3,2,0,0,0,0,0,0
ANTHRO, 160AC,1,"BRIGGS, C L       ",13,66,43,26,31,13,5,1,1,0,0,0,6
ANTHRO, 169B,1,"FERME, M C        ",0,5,3,4,1,2,0,0,0,0,0,0,0
ANTHRO, 172AC,1,"SCHWITTAY, A F    ",8,13,6,6,0,0,0,1,0,0,0,1,0
ANTHRO,179,1,"HANKS, W F        ",0,17,27,14,3,0,0,0,0,0,0,0,0
ANTHRO,189,1,"BRANDES, S H      ",2,22,18,8,9,5,1,2,0,0,0,0,5
ANTHRO,189,2,"HOLSTON, J        ",0,16,10,3,1,2,0,0,0,0,0,0,0
ANTHRO,C125A,1,"HABU, J           ",1,5,4,7,7,1,3,0,0,0,0,0,1
ANTHRO,C147B,1,"ALFONSO, D R      ",2,12,18,4,4,0,0,0,1,0,0,0,0
ARABIC, 001A,2,"SCHWARTZ, K L     ",1,3,6,4,0,0,1,0,0,0,0,0,0
ARABIC, 001A,3,"EL GENDY, K O     ",1,4,2,1,4,0,1,0,1,0,0,0,0
ARABIC, 001A,4,"ABUSAAD, R        ",1,3,4,2,1,0,0,0,0,0,0,0,0
ARABIC, 001A,5,"BAZIAN, H A       ",8,5,3,1,0,0,0,0,0,0,0,0,0
ARABIC, 001A,6,"EL-SHERIF, M      ",1,2,1,5,4,0,1,0,0,0,0,0,0
ARABIC, 001A,7,"NEALE, H          ",3,3,4,3,0,0,0,0,0,0,0,0,0
ARABIC, 020A,1,"BAZIAN, H A       ",4,6,3,0,0,0,0,0,0,0,0,0,0
ARABIC, 020A,3,"S'HIRI, S         ",2,9,2,3,1,0,0,0,0,0,0,0,0
ARABIC, 100A,1,"SIDDIQ, M         ",4,2,2,1,2,0,0,0,0,0,0,0,0
ARABIC, 105B,1,"LARKIN, M         ",1,4,3,1,2,0,0,0,0,0,0,0,0
ARABIC,107,1,"HAYES, J L        ",0,7,3,0,0,0,0,1,0,0,0,0,0
ARCH, 100A,1,"DAVIDS, R C       ",4,12,12,10,11,8,5,0,0,1,0,0,0
ARCH, 100B,1,"PLYMALE, K D      ",0,15,17,8,13,4,4,2,1,0,1,0,3
ARCH, 110AC,1,"CRANZ, G L        ",7,32,32,12,28,10,0,10,2,2,4,0,6
ARCH,120,1,"DAVIS, S          ",0,11,20,36,25,20,11,6,0,0,1,0,2
ARCH, 149A,1,"SALTER, C         ",1,6,5,4,3,1,0,1,2,0,0,0,0
ARCH,150,1,"MONK, D A         ",5,28,15,21,23,12,11,11,3,0,4,0,3
ARCH, 170A,1,"SHANKEN, A        ",0,23,26,39,64,27,13,14,5,0,1,1,10
ART,8,1,"MCNAMARA, J S     ",36,49,18,0,0,0,0,0,0,0,0,0,2
ART,12,2,"CARNWATH, S       ",2,7,8,1,4,0,0,0,0,0,0,0,0
ART,12,3,"RODRIGUEZ, L E    ",5,6,5,3,1,0,0,0,0,0,0,0,0
ART,13,1,"NAGASAWA, C K     ",0,11,0,0,0,0,0,1,0,0,0,0,0
ART,13,2,"MCNAMARA, J S     ",0,22,4,1,0,0,0,0,0,0,0,0,0
ART,14,1,"HUSSONG, R M      ",2,3,9,0,1,0,0,0,0,0,0,0,0
ART,14,3,"VAN DEN DOOL, M   ",0,2,1,8,0,3,0,0,0,0,0,0,0
ART,16,2,"HUSSONG, R M      ",1,8,6,1,0,0,0,0,0,0,0,0,0
ART, 023AC,1,"MCKAY, J D        ",12,13,7,5,4,2,2,1,1,2,1,0,1
ART,102,1,"NAGASAWA, C K     ",0,23,1,0,0,0,0,0,0,0,0,0,0
ART,102,2,"EBTEKAR, A M      ",3,14,2,0,1,0,0,0,0,0,0,0,0
ART,102,103,"SHERWOOD, K D     ",0,6,6,4,1,0,2,1,0,0,0,0,0
ART,117,1,"DEJESUS, V        ",7,10,3,0,0,0,0,0,0,0,0,0,0
ART,118,1,"SHAW, R B         ",0,14,0,13,1,1,1,1,0,0,0,0,0
ART,118,2,"GAMEZ, A          ",2,11,4,4,1,0,1,0,0,0,0,0,0
ART,120,1,"HUSSONG, R M      ",3,5,8,1,0,0,0,0,0,0,0,0,0
ART,132,1,"REINERTSON, L A   ",1,4,4,4,0,2,0,1,0,0,0,0,0
ART,133,1,"REIMAN, B L       ",5,11,1,0,2,0,0,0,0,0,0,0,0
ART,137,1,"SHAW, R B         ",0,13,0,0,2,0,0,0,0,0,0,0,0
ART,141,1,"RADLEY, K P       ",9,6,1,1,1,0,0,0,0,0,0,0,0
ART,160,1,"SHERWOOD, K D     ",1,4,1,2,1,1,1,0,0,0,0,0,0
ART,160,3,"WOFFORD, J K      ",1,3,5,6,2,0,1,0,0,0,0,0,0
ART,171,1,"WALSH, A G        ",0,4,2,2,2,1,0,1,0,0,0,0,0
ART,173,1,"KUBICK, C S       ",0,6,6,2,2,1,0,0,0,0,0,0,0
ASAMST, 020A,1,"OMI, M            ",12,32,27,10,15,7,4,3,4,2,2,1,4
ASAMST,121,1,"DONG, H C         ",1,25,6,3,1,0,0,0,0,0,0,0,0
ASAMST,122,1,"TAKAHASHI, J H    ",0,6,2,5,0,0,0,0,0,0,0,0,0
ASAMST,126,1,"UM, K             ",0,8,11,12,4,4,0,0,0,0,0,0,0
ASAMST, 128AC,1,"BAZIAN, H A       ",10,33,36,22,0,0,0,0,0,0,0,0,0
ASAMST,141,1,"FLEMING, T M      ",3,7,12,7,1,1,1,0,1,0,0,0,0
ASAMST,171,1,"KIM, E H          ",1,15,19,22,6,2,1,0,0,2,0,0,1
ASAMST,172,1,"KIM, E H          ",2,18,11,5,1,1,0,0,0,0,0,0,0
ASAMST,177,1,"CHOY, G P         ",1,13,8,4,3,0,0,1,0,0,0,0,1
ASAMST,190,2,"BARRIOS-LEBLANC, M",0,3,8,2,0,0,0,0,0,0,0,0,0
ASAMST,R002A,1,"LEONG, A P        ",0,3,9,15,3,0,0,0,0,0,0,0,0
ASAMST,R002A,2,"LEBO-PLANAS, A C  ",4,20,4,1,0,1,0,0,0,0,0,0,0
ASAMST,R002B,1,"LEONG, A P        ",0,7,6,14,2,0,0,0,0,0,0,0,0
ASAMST,R002B,2,"LEE, L M          ",2,21,4,2,1,0,1,1,1,0,0,0,1
ASIANST,10,1,"YAMANAKA, K       ",2,21,32,27,29,8,1,2,1,0,1,0,0
ASIANST,150,2,"JANELLI, R        ",3,3,4,2,2,1,0,1,1,0,0,0,0
ASIANST,150,3,"PO, L             ",2,10,17,16,5,0,1,0,0,0,0,0,1
ASTRON,3,1,"MA, C             ",2,8,3,2,2,1,1,0,0,0,0,0,1
ASTRON, 007A,1,"MARCY, G          ",1,11,3,4,14,2,2,2,4,0,0,0,0
ASTRON,10,1,"STAHLER, S W      ",4,12,7,12,16,1,2,5,3,0,1,0,1
ASTRON,122,1,"GRAHAM, J R       ",3,1,0,3,3,0,1,2,1,0,0,0,0
ASTRON,160,1,"QUATAERT, E       ",2,3,3,3,6,4,0,2,0,0,4,0,0
ASTRON,C010,1,"FILIPPENKO, A V   ",43,113,42,44,67,28,8,16,5,0,1,2,0
ASTRON,C162,1,"DE PATER, I       ",0,4,2,5,0,3,2,0,0,0,0,0,0
BIO ENG,10,1,"CONBOY, I M       ",7,37,24,16,13,3,0,1,0,0,0,0,2
BIO ENG,22,1,"DUECK, M E        ",2,8,0,1,1,0,0,2,0,0,0,0,0
BIO ENG, 022L,102,"DUECK, M E        ",0,9,3,2,0,0,0,0,0,1,0,0,0
BIO ENG,100,1,"HEAD-GORDON, T    ",10,22,0,13,12,1,0,3,0,1,1,0,0
BIO ENG,102,1,"LI, S             ",5,34,37,23,8,3,1,1,1,0,0,0,0
BIO ENG,115,1,"JOHNSON, T D      ",0,9,15,5,5,1,0,0,0,0,0,0,0
BIO ENG,121,1,"LEE, L P          ",0,8,8,6,7,9,2,1,0,0,0,0,0
BIO ENG,131,1,"HOLMES, I H       ",1,3,12,3,7,0,0,0,0,0,0,0,3
BIO ENG,144,1,"SJOLANDER, K V    ",1,1,2,3,2,2,0,1,1,0,1,0,0
BIO ENG,150,1,"LEE, S            ",8,17,16,9,7,0,0,0,0,0,0,0,0
BIO ENG,196,21,"HERR, A E         ",0,18,0,0,1,0,0,0,0,0,0,0,0
BIO ENG,C118,1,"HEALY, K E        ",4,13,3,16,9,1,0,1,0,0,1,0,0
BIO ENG,C119,1,"KEAVENY, T M      ",0,1,5,2,0,3,0,1,0,0,0,0,0
BIO ENG,C145L,1,"DERENZO, S E      ",0,1,1,2,2,1,2,0,0,0,1,0,1
BIO-CDB, 001A,1,"FIRESTONE, G L    ",8,67,51,51,96,43,86,101,68,13,11,5,27
BIO-CDB, 001AL,1,"MEIGHAN, M R      ",3,114,71,74,75,34,44,79,49,10,13,6,16
BIO-IB, 001B,1,"POWER, M E        ",5,129,130,98,136,78,49,41,16,6,13,8,10
BUDDSTD,C115,1,"WILLIAMS, D       ",3,4,3,0,3,1,0,0,0,0,0,0,0
CELTIC,70,1,"MELIA, D F        ",0,10,14,5,7,3,3,4,2,0,1,0,2
CELTIC,C168,1,"REJHON, A C       ",0,10,3,4,2,0,0,0,0,0,0,0,0
CELTIC,R001A,1,"KLAR, K A         ",2,6,4,2,1,0,0,0,0,0,0,0,3
CELTIC,R001B,2,"STARR-REID, K A   ",2,3,1,8,1,1,2,0,0,0,0,0,0
CHEM, 001A,1,"STACY, A M        ",26,72,63,43,198,37,20,35,1,0,2,0,3
CHEM, 001A,2,"MAJDA, M M        ",29,56,68,39,183,39,11,40,2,0,10,0,6
CHEM, 001A,3,"BOERING, K A      ",9,24,32,21,87,24,4,21,2,0,4,0,4
CHEM, 003A,1,"PEDERSEN, S F     ",9,69,17,92,80,29,97,53,57,0,24,0,39
CHEM, 003AL,1,"PEDERSEN, S F     ",0,232,183,51,19,8,0,0,2,0,1,0,8
CHEM, 003B,1,"VOLLHARDT, K P    ",1,40,15,20,21,22,22,23,21,7,8,4,15
CHEM, 003B,2,"VOLLHARDT, K P    ",5,62,36,32,35,31,31,26,33,9,9,10,21
CHEM, 003BL,1,"VIERNES, N L      ",16,213,68,18,19,10,6,3,4,0,1,0,3
CHEM, 003BL,2,"VIERNES, N L      ",5,178,44,23,7,8,6,2,1,0,0,0,1
CHEM, 004A,1,"PINES, A          ",4,22,17,29,42,18,14,18,25,1,4,2,1
CHEM,15,1,"MORETTO, L G      ",2,11,1,3,8,0,2,12,1,0,5,0,1
CHEM,103,1,"CHANG, C          ",4,31,16,5,15,4,8,3,3,0,0,0,3
CHEM, 104A,1,"YANG, P           ",1,6,8,7,11,8,5,2,5,1,1,0,1
CHEM,105,1,"WILLIAMS, E       ",2,8,4,3,6,4,2,2,2,0,2,0,0
CHEM,108,1,"ARNOLD, J         ",1,4,5,0,0,0,0,0,1,0,0,0,0
CHEM, 112A,1,"ELLMAN, J A       ",6,50,4,8,42,6,10,39,8,0,15,0,3
CHEM,115,1,"VIERNES, N L      ",1,5,1,2,2,0,1,0,0,0,0,0,0
CHEM, 120A,1,"LESTER, W A       ",2,5,4,6,15,4,15,29,5,0,7,0,3
CHEM, 120B,1,"GROVES, J         ",1,7,15,3,10,4,0,6,2,0,0,0,1
CHEM,125,1,"YANG, H           ",1,8,7,2,5,3,3,3,3,0,1,1,2
CHEM,135,1,"FRANCIS, M B      ",1,37,10,17,14,7,18,11,9,0,4,0,1
CHEM,143,1,"CERNY, J          ",0,3,3,4,1,1,3,2,1,0,0,0,0
CHEM,C130,1,"KRANTZ, B A       ",1,4,3,4,4,3,2,2,0,0,1,0,0
CHICANO,50,1,"SARAGOZA, A M     ",2,15,21,21,24,6,4,0,0,0,0,0,2
CHICANO,110,1,"MALDONADO TORRES, ",2,4,4,1,6,3,0,1,1,0,0,0,0
CHICANO,130,1,"RODRIGUEZ, C H    ",0,8,7,4,6,4,1,0,0,0,0,1,1
CHICANO, 135A,1,"TELLES, R         ",3,19,22,8,7,0,1,0,0,0,0,0,0
CHICANO,141,1,"CONNER, R P       ",0,19,0,0,1,0,0,0,0,0,0,0,1
CHICANO, 150B,1,"MONTEJANO, D      ",0,4,5,6,3,1,0,1,1,0,0,0,0
CHICANO,161,1,"TULLY, S R        ",0,4,2,2,2,2,0,0,1,0,0,0,3
CHICANO,172,1,"GUERRERO, B       ",0,5,11,6,2,7,0,0,0,0,0,0,0
CHICANO,180,1,"RODRIGUEZ, C H    ",2,1,2,4,1,0,0,0,0,0,0,0,1
CHINESE, 001A,1,"YANG, Y           ",0,4,3,2,2,1,0,0,0,0,0,0,0
CHINESE, 001A,2,"YANG, Y           ",0,8,5,3,0,0,0,0,0,0,0,0,0
CHINESE, 001A,3,"YANG, Y           ",0,9,6,2,0,0,0,0,0,0,0,1,0
CHINESE, 001A,5,"YANG, Y           ",1,4,9,2,1,0,0,1,0,0,0,0,0
CHINESE, 001A,6,"YANG, Y           ",0,6,10,0,1,0,0,0,0,0,0,0,0
CHINESE, 001A,7,"YANG, Y           ",0,5,6,1,1,1,0,0,0,0,0,0,0
CHINESE, 001AX,1,"LIU, L            ",0,7,4,0,0,2,0,0,0,0,0,0,0
CHINESE, 001AX,2,"LIU, L            ",0,8,6,0,1,0,0,0,0,0,0,0,0
CHINESE, 001AX,4,"LIU, L            ",0,5,5,4,2,0,0,0,0,0,0,0,0
CHINESE, 001AY,1,"ZHANG, L          ",0,8,7,1,1,0,0,0,0,0,0,0,0
CHINESE, 001AY,2,"ZHANG, L          ",0,10,7,4,0,0,0,0,0,0,0,0,0
CHINESE, 001AY,3,"ZHANG, L          ",0,8,6,5,2,0,0,0,0,0,1,0,0
CHINESE, 007A,1,"VARSANO, P M      ",1,17,4,8,9,5,1,1,0,0,0,0,1
CHINESE, 010A,1,"CHU, C P          ",0,10,3,1,1,2,0,0,0,0,0,0,0
CHINESE, 010A,2,"CHU, C P          ",1,6,4,1,0,0,0,0,0,0,0,0,0
CHINESE, 010A,3,"CHU, C P          ",0,9,3,0,1,0,0,0,0,0,0,0,0
CHINESE, 010AX,2,"ZHANG, L          ",0,7,5,3,0,0,0,0,0,0,0,0,0
CHINESE, 010AX,3,"ZHANG, L          ",0,11,3,2,2,0,0,0,0,0,0,0,0
CHINESE, 010AX,5,"ZHANG, L          ",0,7,2,1,1,0,0,0,0,0,0,0,0
CHINESE, 010AX,6,"ZHANG, L          ",0,9,5,3,0,0,0,0,0,0,0,0,0
CHINESE, 100AX,1,"LI, I             ",0,9,8,1,1,0,0,0,0,0,0,0,0
CHINESE, 100AX,2,"LI, I             ",0,14,2,3,0,0,0,0,0,0,0,0,0
CHINESE, 100AX,3,"LI, I             ",0,9,3,3,2,0,0,0,0,0,0,0,0
CHINESE,101,1,"LI, I             ",0,8,7,2,1,1,0,0,0,0,0,0,0
CHINESE,101,2,"SHIAO, Y          ",0,6,7,4,0,0,0,0,0,0,0,0,0
CHINESE, 110A,1,"RUDOLPH, D M      ",0,6,3,5,8,9,2,1,0,0,0,0,0
CHINESE,111,1,"LI, I             ",0,10,5,2,0,1,0,0,0,0,0,0,0
CHINESE,158,1,"PO, L             ",0,4,8,5,2,1,1,0,1,0,0,0,2
CHINESE,189,1,"SCHAEFER, W       ",0,3,4,4,2,2,0,1,1,0,0,0,0
CHM ENG,140,1,"RADKE, C J        ",2,8,7,21,10,14,18,15,4,0,1,0,3
CHM ENG,141,1,"MABOUDIAN, R      ",2,3,13,17,34,8,4,5,4,5,2,0,3
CHM ENG, 150B,1,"BELL, A T         ",4,19,15,9,17,15,8,10,3,0,1,0,2
CHM ENG,154,1,"WANG, X           ",1,10,6,9,4,10,3,0,0,0,0,0,0
CHM ENG,157,1,"SCHAFFER, D       ",1,10,9,7,11,3,2,2,1,0,0,0,0
CHM ENG,160,1,"BLANCH, H W       ",1,20,4,4,1,0,0,0,0,0,0,0,0
CHM ENG,162,1,"BALSARA, N P      ",3,13,7,4,3,1,0,2,0,0,0,0,0
CHM ENG, 170A,1,"CLARK, D S        ",2,12,8,9,8,8,4,2,0,0,0,0,0
CHM ENG,C178,1,"SEGALMAN, R A     ",6,11,0,5,4,3,1,0,0,0,0,0,0
CIV ENG,11,1,"HARLEY, R A       ",1,10,8,11,9,9,3,2,1,0,0,0,0
CIV ENG,60,1,"MONTEIRO, P J     ",2,12,15,16,10,10,9,5,0,1,1,1,0
CIV ENG,70,1,"JOHNSON, K A      ",0,19,15,16,28,9,4,5,1,0,1,0,0
CIV ENG,93,1,"DER KIUREGHIAN, A ",1,5,7,8,4,5,7,3,3,0,0,0,0
CIV ENG,100,1,"VARIANO, E A      ",0,20,10,13,10,9,9,11,4,0,1,0,2
CIV ENG,111,1,"NAZAROFF, W W     ",3,8,13,12,14,11,2,7,3,0,0,0,2
CIV ENG,115,1,"SEDLAK, D L       ",2,10,6,12,8,4,5,2,0,0,1,0,1
CIV ENG,120,1,"PANAGIOTOU, M A   ",2,8,8,11,10,4,5,3,0,0,1,0,0
CIV ENG,122,1,"STOJADINOVIC, B   ",5,9,11,7,6,1,1,1,0,0,1,0,0
CIV ENG,124,1,"MAHIN, S A        ",1,18,6,5,6,5,2,3,0,0,0,0,1
CIV ENG,130,1,"ARMERO, F         ",3,15,5,16,19,8,13,6,3,3,3,1,3
CIV ENG,130,2,"BAYO, E           ",2,5,4,7,10,4,4,7,5,1,2,0,2
CIV ENG,131,1,"KOYAMA, T         ",1,6,7,9,5,0,0,0,0,0,0,0,2
CIV ENG,153,1,"RAKAS, J M        ",1,11,12,3,0,0,0,0,0,0,0,0,0
CIV ENG,166,1,"HORVATH, A        ",2,15,10,11,2,5,0,1,0,0,0,0,0
CIV ENG,167,1,"TOMMELEIN, I D    ",1,13,18,11,17,8,3,2,0,0,0,0,0
CIV ENG,171,1,"GLASER, S D       ",0,3,11,7,8,5,3,3,7,0,0,0,0
CIV ENG,173,1,"SITAR, N          ",0,7,11,18,6,2,1,0,0,0,0,0,1
CIV ENG,175,1,PESTANA-NASCIMENTO,7,9,21,6,5,2,1,0,0,0,3,0,0
CIV ENG,177,1,"SHORT, R D        ",2,12,11,10,3,0,0,0,0,0,0,0,0
CIV ENG,191,1,"SENGUPTA, R       ",1,4,2,6,3,1,5,3,1,0,0,0,1
CIV ENG,193,1,"CHOPRA, A K       ",0,6,3,3,3,6,0,1,1,0,0,0,0
CIV ENG,C030,1,"PAPADOPOULOS, P   ",0,2,1,1,1,1,2,2,2,2,0,0,0
CIV ENG,C106,1,"GOLDSTEIN, A H    ",0,4,0,5,2,0,0,1,0,0,0,0,0
CIV ENG,C154,1,"RUBIN, J          ",0,2,3,4,1,4,0,0,0,0,0,0,0
CIV ENG,C178,1,"RECTOR, J W       ",0,6,2,2,1,0,0,0,0,0,0,0,0
CLASSIC, 010A,1,"MASTRONARDE, D J  ",0,28,21,12,24,9,3,8,1,2,0,1,3
CLASSIC, 017A,1,"GREENEWALT, C H   ",0,2,11,4,1,2,0,0,0,0,0,0,0
CLASSIC,35,1,"GRIFFITH, M       ",2,10,17,6,2,1,0,1,0,0,0,0,0
CLASSIC, 039H,1,"SHELTON, K S      ",0,4,3,4,2,1,1,1,0,0,0,0,1
CLASSIC,121,1,"BULLOCH, A W      ",0,8,18,21,12,1,2,1,0,0,0,0,0
CLASSIC,130,1,"MURPHY, T M       ",0,18,3,1,2,0,1,0,1,0,0,0,0
CLASSIC,163,1,"LONG, A A         ",2,3,9,7,4,0,2,0,1,0,0,0,1
CLASSIC, 170D,1,"GREENEWALT, C H   ",0,3,9,4,1,3,0,1,1,0,0,0,2
CLASSIC, 175A,1,"PAPAZARKADAS, N   ",3,8,3,2,2,1,0,0,0,0,0,0,0
CNM,190,1,"RINEHART, R J     ",0,10,0,0,9,0,0,3,0,0,0,0,0
COG SCI,C001,1,"HUDIN, J I        ",3,23,26,18,10,5,0,0,0,0,0,0,0
COG SCI,C100,1,"PRINZMETAL, W     ",1,12,7,6,23,1,9,14,3,0,0,0,3
COG SCI,C104,1,"LAKOFF, G P       ",2,7,5,0,0,1,0,0,0,1,0,0,1
COG SCI,C126,1,"PALMER, S E       ",0,4,4,4,4,2,2,3,0,1,0,0,2
COG SCI,C127,1,"IVRY, R           ",0,5,7,5,8,4,7,6,2,0,1,0,1
COG SCI,C131,1,"GRIFFITHS, T      ",2,6,2,3,7,3,2,8,6,0,0,0,0
COLWRIT, 010A,1,"HILL, C           ",0,11,5,0,0,0,0,0,0,0,0,0,0
COLWRIT, 010A,3,"LEVINE, J         ",0,4,6,4,0,0,0,0,0,0,0,0,0
COLWRIT,110,1,"HAMMONS, P J      ",0,15,4,0,0,0,0,0,0,0,0,0,0
COLWRIT,151,1,"COLE, C           ",0,10,0,0,1,0,0,1,0,0,0,0,0
COLWRIT,R001A,5,"STEENLAND, P      ",0,0,1,1,3,3,1,1,2,0,0,0,0
COLWRIT,R001A,6,"LARKIN, M E       ",0,1,2,3,0,4,1,1,0,0,0,0,0
COLWRIT,R001A,7,"LANG, J C         ",0,1,2,3,3,1,1,1,1,0,0,0,0
COLWRIT,R001A,8,"LEVINE, J         ",0,1,0,2,8,1,1,0,0,0,0,0,0
COLWRIT,R001A,10,"KEATING, B        ",0,0,1,2,0,3,0,4,2,0,0,0,0
COLWRIT,R001A,11,"DELP, V           ",0,0,0,0,4,0,6,1,0,0,0,0,0
COLWRIT,R001A,12,"WALD, M           ",0,2,0,1,5,1,1,1,0,0,0,0,1
COLWRIT,R001A,17,"FLASH, D M        ",0,0,3,6,1,2,2,0,0,0,0,0,0
COLWRIT,R001A,18,"HAMMONS, P J      ",0,3,2,4,3,0,0,1,0,0,0,0,0
COLWRIT,R001A,19,"JOHNSON, T G      ",0,1,3,0,5,1,0,0,2,0,0,0,0
COLWRIT,R001A,23,"HATTON, N         ",0,0,1,4,7,0,0,0,0,0,0,0,1
COLWRIT,R001A,24,"GROVER, M         ",0,1,2,3,3,1,3,0,1,0,0,0,0
COLWRIT,R001A,26,"SLOAN, R R        ",0,0,2,4,4,1,0,0,0,0,0,0,1
COLWRIT,R001A,29,"KIRN, H N         ",0,0,3,0,2,4,0,1,0,0,1,0,0
COLWRIT,R001A,34,"CRISP, T E        ",0,0,2,4,4,0,1,0,0,0,0,0,1
COLWRIT,R001A,37,"CHIANG, Y D       ",0,1,2,5,0,1,1,0,1,0,0,0,0
COLWRIT,R001A,38,"ERICKSON, M B     ",0,0,0,3,5,1,2,0,0,0,0,0,0
COLWRIT,R004B,1,"BOBO, S           ",1,3,4,2,3,3,0,0,0,0,0,0,0
COLWRIT,R004B,2,"OAKES, C J        ",0,2,1,4,5,3,0,0,0,0,1,0,0
COLWRIT,R004B,4,"LANG, J C         ",0,1,4,3,7,1,0,1,0,0,0,0,0
COLWRIT,R004B,5,"OFFEN-BROWN, G    ",0,2,6,3,2,0,1,0,0,1,0,0,2
COLWRIT,R004B,6,"OFFEN-BROWN, G    ",0,6,4,3,3,0,1,0,0,0,0,0,0
COLWRIT,R004B,7,"CHIANG, Y D       ",1,2,6,2,2,0,0,0,0,0,0,0,0
COM LIT, 041C,1,"HERBOLD, S        ",0,5,9,5,2,0,0,0,0,0,0,0,0
COM LIT, 060AC,1,"HAACKE, P         ",0,5,10,1,6,1,0,0,0,0,0,0,0
COM LIT,100,1,"FRANCOIS, A       ",1,3,4,3,0,0,0,0,0,0,0,0,0
COM LIT,100,2,"KAUFMAN, R G      ",0,5,2,6,2,1,3,0,0,0,0,0,0
COM LIT,120,1,"ALTER, R B        ",0,10,9,10,2,2,1,1,0,0,0,0,3
COM LIT,155,1,"RAM, H            ",8,9,2,1,0,1,0,0,0,0,0,0,1
COM LIT,R001A,1,"PISER, C          ",0,7,7,0,1,1,0,1,0,0,0,0,0
COM LIT,R001A,2,"BODIK, J          ",0,9,2,3,1,1,0,0,0,0,0,0,0
COM LIT,R001A,3,"SPIRA, K A        ",0,6,11,11,2,2,0,1,0,0,0,0,0
COM LIT,R001A,4,"HENRY, A          ",1,3,6,4,0,0,1,0,0,0,0,0,0
COM LIT,R001A,8,"DEANGELIS, J A    ",0,7,13,11,2,0,0,0,1,0,0,0,0
COM LIT,R001B,1,"ZUMHAGEN, K       ",0,4,10,5,0,0,0,0,0,0,0,0,0
COM LIT,R001B,2,"SINGLETON, T D    ",1,12,10,5,1,0,0,0,0,0,0,0,2
COM LIT,R001B,3,"CABALLERO, J      ",1,13,3,1,1,0,0,2,0,0,0,0,0
COM LIT,R001B,4,"CRUZ, J H         ",0,11,13,10,3,0,0,0,0,0,0,0,0
COM LIT,R001B,6,"WARNER, T         ",0,4,10,10,4,3,1,1,1,0,0,0,0
COM LIT,R001B,7,"NIELSEN, K        ",0,2,13,13,5,3,0,0,0,0,0,0,1
COM LIT,R001B,10,"BHAUMIK, S M      ",1,12,9,6,1,0,0,0,0,0,0,0,0
COM LIT,R001B,11,"FISHER, M         ",0,5,19,5,4,0,0,0,0,0,0,0,0
COM LIT,R001B,12,"CLANCY, B T       ",0,3,4,5,0,0,0,0,0,0,0,0,0
COM LIT,R001B,13,"JIMENEZ, J        ",0,7,5,3,1,1,0,0,0,0,0,0,0
COM LIT,R001B,14,"ANDERSON, K E     ",0,1,17,11,4,0,0,0,0,0,0,0,0
COM LIT,R001B,15,"PICK, N R         ",0,5,5,4,3,1,0,0,0,0,0,0,0
COM LIT,R001B,16,"DODSON, K K       ",0,1,4,5,6,1,0,0,0,0,0,0,0
COMPSCI, 003L,1,"GARCIA, D D       ",11,60,33,12,9,2,1,0,3,0,2,0,1
COMPSCI, 003S,1,"GARCIA, D D       ",1,18,1,2,3,1,0,3,0,0,4,0,4
COMPSCI, 061A,1,"HARVEY, B         ",26,22,35,51,59,52,18,14,16,19,13,5,17
COMPSCI, 061B,1,"HILFINGER, P N    ",2,7,9,9,9,5,6,3,4,4,5,3,23
COMPSCI, 061CL,1,"CLANCY, M J       ",4,32,20,30,14,9,12,11,1,0,5,0,8
COMPSCI,70,1,"PAPADIMITRIOU, C H",2,23,23,12,24,11,12,6,5,1,1,0,0
COMPSCI,70,2,"PAPADIMITRIOU, C H",1,6,4,0,2,2,1,1,0,0,0,0,0
COMPSCI,150,1,"PISTER, K S       ",0,14,15,9,15,0,6,8,0,0,0,0,0
COMPSCI,160,1,"CANNY, J F        ",1,7,12,8,5,7,0,0,2,0,0,0,0
COMPSCI,161,1,"SONG, X D         ",3,12,2,10,4,7,4,3,1,0,0,0,0
COMPSCI,162,1,"KUBIATOWICZ, J D  ",1,19,12,23,21,21,8,4,2,1,0,0,3
COMPSCI,169,1,"SEN, K            ",2,11,4,3,4,3,1,1,0,0,0,0,0
COMPSCI,170,1,"RAO, S B          ",2,21,17,7,26,9,0,1,2,0,0,0,4
COMPSCI,174,1,"SONG, Y S         ",0,5,1,2,2,1,1,0,0,0,0,0,1
COMPSCI,184,1,"O'BRIEN, J        ",5,9,8,6,4,6,5,9,0,0,2,0,2
COMPSCI,186,1,"FRANKLIN, M       ",4,12,14,15,28,6,6,11,6,0,1,0,1
COMPSCI,188,1,"KLEIN, D L        ",7,49,40,43,27,14,10,3,4,2,0,0,2
COMPSCI,194,4,"PATTERSON, D A    ",0,8,7,4,9,5,4,3,0,0,0,0,0
COMPSCI,194,8,"GARCIA, D D       ",1,4,1,1,3,3,0,0,0,0,0,0,0
COMPSCI,C191,1,"WHALEY, K B       ",2,4,4,0,1,2,1,0,0,0,0,0,0
CY PLAN,110,1,"BINGER, G D       ",9,27,9,2,27,6,2,13,1,1,0,0,2
CY PLAN, 112A,1,"COHEN, S S        ",0,13,23,32,28,5,3,1,0,0,0,0,0
CY PLAN, 113B,1,"BLAUSTEIN, A I    ",0,0,18,11,1,5,1,0,0,0,0,0,0
CY PLAN,115,1,"ROY, A            ",0,47,60,50,31,5,2,1,1,0,0,0,1
CY PLAN, 118AC,1,"HUTSON, M A       ",3,22,26,7,15,4,1,4,1,0,0,0,1
CY PLAN,140,1,"MACDONALD, E S    ",2,9,13,2,3,1,1,1,0,0,1,0,0
CY PLAN,C114,1,"RUBIN, J          ",0,9,7,5,7,2,0,0,0,0,0,0,0
DEMOG,110,1,"WACHTER, K W      ",5,4,5,3,8,0,0,1,1,0,0,0,1
DEMOG,C126,1,"JOHNSON-HANKS, J  ",2,10,0,1,5,1,0,3,0,0,0,1,0
DEMOG,C165,1,"JOHNSON-HANKS, J  ",0,13,0,3,7,0,1,2,1,0,0,0,0
DEV STD,C010,1,"TRIST, C R        ",1,29,27,18,17,4,3,5,0,0,1,0,0
DUTCH, 039A,1,"DEWULF, J         ",0,3,11,4,0,0,0,0,0,0,0,0,0
DUTCH,C170,1,"DEWULF, J         ",4,11,14,0,0,0,0,0,0,0,0,0,0
EA LANG,105,1,"WALLACE, J        ",3,49,6,3,2,0,0,0,0,0,0,0,0
EA LANG,107,1,"JONES, A F        ",0,6,7,2,3,3,0,1,0,0,0,0,1
ECON,1,1,"TRAIN, K E        ",7,130,60,77,125,57,69,110,34,6,17,1,7
ECON, 100A,1,"DUNCAN, G M       ",4,51,26,39,145,45,18,5,10,0,0,0,9
ECON, 100B,1,"WOOD, S A         ",15,30,58,75,55,28,38,30,16,0,16,0,33
ECON, 101A,1,"CARD, D E         ",8,15,12,7,6,1,0,5,0,0,1,0,1
ECON, 101B,1,"GORODNICHENKO, Y  ",3,5,8,3,4,5,5,5,4,0,0,0,1
ECON,104,1,"KARIV, S          ",0,25,12,10,0,2,0,0,0,0,0,0,1
ECON,113,1,"DELONG, J B       ",0,26,30,29,25,9,4,5,2,0,0,0,0
ECON,119,1,"KOSZEGI, B        ",3,49,10,30,24,9,5,2,2,0,1,0,1
ECON,131,1,"CHETTY, N         ",1,5,10,8,8,6,2,5,0,0,1,0,0
ECON,136,1,"SZEIDL, A G       ",2,53,24,36,21,20,18,13,5,0,0,0,4
ECON,140,1,"LEVY, A P         ",7,34,16,19,43,14,21,30,3,0,0,0,3
ECON,141,1,"POWELL, J L       ",3,15,4,9,4,3,2,2,0,0,0,0,2
ECON,152,1,"WEBER, A          ",4,8,9,3,10,7,2,2,0,0,0,0,2
ECON,157,1,"MORTIMER, R O     ",2,20,18,13,19,14,12,7,7,0,0,0,1
ECON,182,1,"GOURINCHAS, P     ",1,19,49,38,19,6,0,1,0,0,0,0,0
ECON,C003,1,"BERCK, P          ",0,8,8,8,4,1,10,0,0,0,0,0,0
ECON,C102,1,"SUNDING, D L      ",0,5,8,10,6,4,0,5,1,0,0,0,0
ECON,C110,1,"POWELL, R L       ",0,44,15,23,28,5,7,5,0,0,0,0,0
ECON,C171,1,"DEJANVRY, A       ",9,15,12,8,7,4,5,2,1,0,1,0,0
ECON,C181,1,"HARRISON, A E     ",4,28,13,7,12,2,3,0,1,0,0,0,1
EDUC,52,1,"MIRABELLI, A A    ",0,12,1,4,1,1,1,0,0,0,0,0,0
EDUC, 075AC,1,"VAN RHEENEN, D M  ",2,13,17,16,16,11,4,0,0,0,0,0,0
EDUC, 114A,1,"STARKEY, P        ",0,13,1,4,1,1,0,0,0,0,0,0,0
EDUC, 140AC,1,"PEARSON, P D      ",10,42,17,1,5,2,1,1,0,0,0,0,1
EDUC,149,1,"SALASIN, E K      ",2,18,2,0,0,0,0,0,0,0,0,0,0
EDUC,158,1,"CUNNINGHAM CARSON,",0,19,3,0,0,0,0,0,0,0,0,0,0
EDUC,160,1,"PERETTI, D C      ",3,6,7,3,2,1,0,0,0,0,0,0,0
EDUC,184,1,"ALEXANDER, H A    ",0,6,3,3,6,2,0,0,0,0,0,0,1
EDUC,185,1,"MURPHY-GRAHAM, E  ",2,11,31,6,4,0,0,0,1,0,0,0,2
EDUC, 186AC,1,"SHAIKEN, H S      ",6,21,14,16,9,2,2,3,1,0,0,1,1
EDUC,190,1,"HURST, J G        ",0,37,4,0,0,0,0,0,0,0,0,0,0
EDUC,190,2,"HURST, J G        ",0,34,3,0,0,0,0,0,0,0,0,0,0
EDUC,190,5,"HURST, J G        ",12,20,0,0,0,0,0,0,0,0,0,0,0
EDUC,190,6,"HURST, J G        ",0,34,0,0,0,0,0,1,0,0,0,0,0
EDUC, 190B,1,"HURST, J G        ",10,23,0,0,0,0,0,0,0,0,0,0,0
EDUC, 195B,1,"MCCALLUM, R D     ",0,13,2,1,11,2,0,0,0,0,0,0,0
EDUC, 195C,1,"PEARSON, P D      ",0,28,0,0,1,0,0,0,0,0,0,0,0
EDUC,C001,1,"HUDIN, J I        ",0,4,6,4,1,1,0,0,0,0,0,0,0
EDUC,C193A,1,"HURST, J G        ",3,24,0,0,0,0,0,0,0,0,0,0,0
EL ENG, 020N,1,"AYAZIFAR, B       ",6,38,23,13,41,10,1,26,1,0,5,3,8
EL ENG,40,1,"CHANG-HASNAIN, C J",3,42,11,3,37,23,9,24,5,0,2,0,4
EL ENG,42,1,"CHUA, L O         ",0,4,4,5,12,5,2,1,0,0,0,0,4
EL ENG,100,1,"CHUA, L O         ",0,15,23,31,14,9,8,2,2,0,0,0,2
EL ENG,105,1,"LIU, T K          ",0,27,8,6,16,3,0,3,1,0,0,0,0
EL ENG,117,1,"YABLONOVITCH, E   ",1,7,5,4,11,3,6,2,0,0,0,0,0
EL ENG,120,1,"AYAZIFAR, B       ",6,18,8,6,24,6,0,3,2,0,1,1,1
EL ENG,122,1,"STOICA, I         ",2,11,12,21,13,14,11,4,0,0,0,0,0
EL ENG,123,1,"ZAKHOR, A         ",2,4,5,6,4,1,2,3,1,0,2,0,0
EL ENG,126,1,"WALRAND, J C      ",3,3,2,6,16,1,1,6,0,0,0,0,0
EL ENG,128,1,"TOMLIN, C J       ",3,13,2,4,1,2,1,0,0,0,0,0,0
EL ENG,129,1,"CHUA, L O         ",4,20,0,0,3,0,0,0,0,0,0,0,0
EL ENG,130,1,"SUBRAMANIAN, V    ",0,17,6,5,8,5,1,0,6,0,2,0,1
EL ENG,140,1,"SANDERS, S R      ",4,5,5,5,5,0,0,0,4,0,0,0,1
EL ENG,141,1,"ALON, E           ",4,19,9,10,9,3,7,3,1,2,0,0,0
EL ENG,142,1,"NIKNEJAD, A M     ",4,13,3,2,4,1,1,4,0,0,0,0,0
EL ENG,143,1,"JAVEY, A          ",4,9,11,10,6,4,4,3,0,0,0,0,0
EL ENG,C125,1,"BAJCSY, R         ",5,2,1,6,4,0,0,1,0,0,0,0,0
EL ENG,C145L,1,"DERENZO, S E      ",4,8,0,2,2,1,0,0,0,0,0,0,1
"ENE,RES",101,1,"HARTE, J          ",2,2,4,1,3,5,0,2,0,0,0,1,1
"ENE,RES",175,1,"RAY, I            ",1,10,6,2,0,0,0,0,0,0,0,0,0
"ENE,RES",190,1,"NORGAARD, R B     ",1,6,2,4,0,0,0,0,0,0,0,0,0
"ENE,RES",C100,1,"KAMMEN, D M       ",4,13,19,14,13,2,2,1,0,0,0,0,0
ENGIN,7,1,"HOROWITZ, R       ",0,6,15,42,28,18,39,12,6,15,1,1,7
ENGIN,7,2,"FRENKLACH, M Y    ",3,14,27,45,23,21,24,9,6,1,2,0,1
ENGIN,10,1,"LEACHMAN, R C     ",1,6,28,9,21,4,0,0,0,1,0,0,1
ENGIN,10,2,"HUNT, J R         ",1,11,24,7,22,6,1,3,0,0,0,0,0
ENGIN,10,3,"JOHNSON, G C      ",0,14,20,23,21,5,1,0,0,0,0,0,0
ENGIN,10,4,"DEVINE, T M       ",4,8,16,11,14,3,2,1,0,0,0,0,1
ENGIN,28,1,"MCMAINS, S        ",2,6,8,15,34,18,11,8,5,0,1,0,0
ENGIN,36,1,"LI, S             ",7,9,20,19,18,10,10,3,2,0,0,0,1
ENGIN,45,1,"GRONSKY, R        ",2,79,66,9,20,15,11,11,5,3,3,1,3
ENGIN,110,1,"AZEVEDO, A        ",2,14,3,1,0,0,0,0,0,0,0,0,0
ENGIN,115,1,"GLAESER, A M      ",0,6,3,3,6,2,3,4,5,0,2,0,1
ENGIN,117,1,"BERGER, S A       ",7,15,10,10,7,0,0,0,0,0,0,0,0
ENGIN,120,1,"ADLER, I          ",1,31,29,14,25,11,2,0,1,0,1,0,0
ENGIN,190,1,"SENG, H W         ",0,0,1,5,3,5,1,0,0,0,0,0,0
ENGIN,190,2,"KRISTEL, M P      ",0,18,3,3,1,0,0,0,0,0,0,0,0
ENGIN,190,3,"WELSH, J          ",0,8,8,3,0,0,0,0,0,0,0,0,0
ENGIN,190,4,"WELSH, J          ",0,1,9,4,0,0,0,0,0,0,0,0,0
ENGIN,190,5,"PHILIPPI, T R     ",0,3,6,8,4,1,1,0,0,0,0,0,0
ENGIN,190,6,"PHILIPPI, T R     ",0,3,5,9,5,2,0,0,0,0,0,0,0
ENGIN,190,7,"BIBBS, C S        ",2,9,3,4,0,0,0,0,0,0,0,0,0
ENGIN,190,8,"BIBBS, C S        ",0,4,6,4,3,1,0,0,0,0,0,0,0
ENGIN,190,9,"KRISTEL, M P      ",0,18,2,5,0,0,0,0,0,0,0,0,0
ENGIN,190,10,"NEVADER, A S      ",2,11,9,2,0,0,0,0,0,0,0,0,0
ENGIN,190,11,"NEVADER, A S      ",3,17,3,1,0,0,0,0,0,0,0,0,0
ENGLISH, 045A,1,"NELSON, A H       ",0,8,21,23,8,6,2,2,1,0,1,0,1
ENGLISH, 045A,2,"JUSTICE, S        ",2,15,17,17,11,5,2,2,0,0,0,0,3
ENGLISH, 045B,1,"SORENSEN, J L     ",2,33,31,16,7,1,2,3,0,0,0,0,1
ENGLISH, 045B,2,"ALTIERI, C F      ",6,10,18,17,13,5,2,4,0,0,2,0,0
ENGLISH, 045C,1,"ALTIERI, C F      ",3,15,34,26,7,8,2,1,0,0,0,0,0
ENGLISH, 045C,2,"BISHOP, J M       ",2,22,37,26,28,9,0,0,0,0,0,0,1
ENGLISH,100,1,"MURPHY, F         ",0,3,4,0,3,0,1,0,0,0,0,0,1
ENGLISH,100,2,"JANMOHAMED, A R   ",1,3,4,4,1,0,1,0,0,0,0,0,0
ENGLISH,100,3,"JANMOHAMED, A R   ",2,5,7,2,3,1,1,1,0,0,0,0,0
ENGLISH,100,4,"WRIGHT, K E       ",1,7,11,2,3,1,0,0,0,0,0,0,1
ENGLISH,100,7,"NGUYEN, M         ",1,2,5,14,3,0,0,0,0,0,0,0,0
ENGLISH,100,8,"PREMNATH, G       ",0,3,4,3,1,0,0,0,0,0,0,0,0
ENGLISH,100,9,"FAJARDO, M A      ",0,0,1,6,7,4,1,2,0,0,0,0,0
ENGLISH,100,10,"STARR, G A        ",0,8,5,5,1,1,0,0,0,0,0,0,1
ENGLISH,100,11,"GOBLE, M A        ",0,3,4,9,6,0,0,0,0,0,0,0,0
ENGLISH,100,12,"CLOWES, E         ",0,5,2,8,3,2,1,0,0,0,0,0,0
ENGLISH,105,1,"O'KEEFFE, K       ",3,3,0,4,2,1,2,0,1,0,1,1,2
ENGLISH,110,1,"MILLER, J         ",0,27,9,12,4,5,1,1,0,0,0,0,1
ENGLISH,111,1,"JUSTICE, S        ",0,5,5,7,7,8,3,7,1,0,0,0,0
ENGLISH, 114B,1,"LANDRETH, D       ",0,6,9,13,10,6,1,2,0,0,1,0,3
ENGLISH, 115A,1,"BOOTH, S W        ",0,32,13,8,2,0,0,0,0,0,0,0,1
ENGLISH, 117A,1,"ALTMAN, J B       ",0,3,10,17,12,2,4,3,1,0,0,0,1
ENGLISH, 117S,1,"KNAPP, J D        ",2,20,29,39,19,14,10,3,1,0,0,0,0
ENGLISH,119,1,"TURNER, J G       ",0,0,7,12,6,6,1,2,0,0,0,0,0
ENGLISH,127,1,"BLANTON, C D      ",0,35,28,12,10,4,0,2,0,0,0,0,1
ENGLISH, 130B,1,"BEAM, D           ",0,3,7,7,8,7,0,0,0,0,0,0,0
ENGLISH, 130C,1,"WAGNER, B         ",0,11,21,11,3,2,0,1,0,0,0,0,1
ENGLISH, 130D,1,"BEST, S M         ",0,14,17,12,5,4,1,0,0,0,1,0,6
ENGLISH, 133A,1,"WAGNER, B         ",0,12,9,2,0,0,0,0,1,0,0,0,0
ENGLISH, 143A,1,"BLAISE, B         ",2,9,0,0,0,0,0,0,0,0,0,0,0
ENGLISH, 143A,2,"BLAISE, C         ",0,15,1,0,0,0,0,0,0,0,0,0,0
ENGLISH, 143A,3,"KLEEGE, G         ",0,7,3,3,0,0,0,0,0,0,0,0,0
ENGLISH, 143B,2,"SHOPTAW, J        ",2,9,6,0,1,0,0,0,0,0,0,0,0
ENGLISH,150,1,"BISHOP, J M       ",0,19,1,0,0,0,0,0,0,0,0,0,0
ENGLISH,150,5,"LANGAN, C G       ",0,2,4,3,1,1,0,0,0,0,0,0,0
ENGLISH,150,6,"PICCIOTTO, J M    ",0,9,6,1,1,1,0,0,0,0,0,0,0
ENGLISH,150,7,"OYAMA, M          ",2,6,5,2,2,0,0,0,0,0,0,0,0
ENGLISH,150,11,"OTTER, S          ",0,4,0,3,1,2,0,2,0,0,0,0,0
ENGLISH,150,12,"STARR, G A        ",0,2,4,4,2,0,0,0,0,0,0,0,0
ENGLISH,160,1,"HALE, D J         ",2,3,6,5,4,0,1,2,2,0,0,0,0
ENGLISH,165,1,"CAMPION, J        ",2,1,1,7,3,3,0,0,0,0,0,0,2
ENGLISH,166,1,"NAIMAN, E         ",0,3,4,10,8,2,1,0,0,0,0,0,2
ENGLISH,166,2,"SALDIVAR, J D     ",1,6,14,10,2,0,0,0,0,0,0,0,0
ENGLISH,166,3,"GOBLE, M A        ",0,7,25,10,2,0,0,0,0,0,0,0,0
ENGLISH, 166AC,1,"SAUL, S A         ",1,8,9,7,20,4,1,1,0,1,1,0,0
ENGLISH,170,1,"HANSON, K         ",1,4,1,4,3,1,0,1,0,0,0,0,1
ENGLISH, 180A,1,"KLEEGE, G         ",0,7,16,10,1,0,0,0,0,0,0,0,0
ENGLISH, 180L,1,"FALCI, E          ",3,26,16,11,8,3,3,0,1,0,0,0,0
ENGLISH, 180N,1,"SERPELL, C N      ",9,20,11,11,7,2,0,0,0,1,0,0,0
ENGLISH,C077,1,"HASS, R           ",0,10,12,3,1,1,0,0,0,0,0,0,1
ENGLISH,C136,1,"OTTER, S          ",0,5,7,12,4,0,1,0,0,0,0,0,0
ENGLISH,R001A,1,"CECIRE, N A       ",0,2,4,5,2,0,2,0,0,0,0,0,1
ENGLISH,R001A,2,"FALCONE, C        ",0,4,2,4,4,1,1,0,0,0,0,0,0
ENGLISH,R001A,3,"CHEN, C S         ",0,1,9,6,2,0,0,0,0,0,0,0,0
ENGLISH,R001A,4,"BLACK, K C        ",0,2,5,6,2,0,0,0,0,0,0,0,0
ENGLISH,R001A,5,"TOWNSEND, S       ",0,1,1,5,6,4,0,0,0,0,0,0,0
ENGLISH,R001A,6,INFANTE-ABBATANTUO,2,7,3,2,1,0,0,1,0,0,0,0,0
ENGLISH,R001A,8,"EAGLE, C          ",0,0,2,8,5,1,0,0,0,0,0,0,1
ENGLISH,R001A,9,"COSTANTINO, J     ",0,2,2,2,8,2,0,0,0,0,0,0,0
ENGLISH,R001A,10,"BADY, A J         ",0,0,3,6,2,4,1,0,0,0,0,0,2
ENGLISH,R001A,13,"ARREGLO, C        ",0,7,4,5,2,1,0,0,0,0,0,0,0
ENGLISH,R001A,14,"PRAWDZIK, B       ",0,3,5,4,4,0,0,0,0,0,0,1,0
ENGLISH,R001A,15,"LEIBOWITZ, K D    ",0,2,3,2,5,3,1,1,0,0,0,0,0
ENGLISH,R001B,1,"CANNON, B Z       ",0,0,6,3,4,1,0,0,1,0,0,0,1
ENGLISH,R001B,3,"PUGH, M L         ",0,1,3,4,3,2,1,2,0,0,0,1,0
ENGLISH,R001B,6,"KATZ, S A         ",0,3,4,5,2,0,0,0,0,0,0,0,0
ENGLISH,R001B,7,"MENILLA, D D      ",1,4,4,7,1,1,0,0,0,0,0,0,0
ENGLISH,R001B,9,"BALDWIN, R        ",0,3,1,8,5,0,0,0,0,0,0,0,0
ENGLISH,R001B,10,"BERNES, J Q       ",0,2,2,7,2,0,0,1,0,0,1,0,0
ENGLISH,R001B,11,"MILLER, M         ",0,5,6,3,1,0,2,0,0,0,0,0,0
ENGLISH,R001B,12,"SMYTHE, F         ",0,3,6,1,8,1,0,0,0,0,0,0,0
ENGLISH,R001B,13,"PATNAIK, S        ",0,4,4,2,4,2,0,0,0,0,0,0,1
ENGLISH,R001B,14,"CLINTON, D P      ",0,2,3,5,4,1,0,0,0,0,0,0,0
ENGLISH,R001B,15,"WEINER, J J       ",0,0,6,6,0,1,0,1,0,0,0,0,0
ENV DES,1,1,"JEWELL, L L       ",6,34,34,33,8,2,1,1,0,0,0,0,0
ENV DES, 011A,1,"DUBOVSKY, A O     ",0,10,25,19,10,2,0,0,0,1,0,0,0
ENV DES, 011B,1,"HOOD, W J         ",0,4,10,14,13,5,3,2,0,0,0,0,4
ENV DES,C169A,1,"GROTH, P E        ",1,7,10,3,3,5,1,0,0,0,0,0,0
ENV SCI,10,1,"BERRY, W B        ",2,36,5,37,26,13,9,5,3,0,0,0,0
ENV SCI, 010L,1,"BERRY, W B        ",1,31,5,33,23,11,7,3,3,0,0,0,0
ENV SCI, 196A,1,"COLE, E S         ",0,7,9,7,7,3,1,1,0,0,0,0,0
ENVECON,100,1,"LIGON, E          ",1,8,20,38,7,3,5,1,1,2,2,0,1
ENVECON, 140AC,1,"ROMM, J M         ",10,20,23,8,22,4,0,1,1,0,0,0,1
ENVECON,143,1,"WRIGHT, B         ",1,11,13,5,8,5,2,1,3,0,2,0,1
ENVECON,161,1,"FISHER, A C       ",3,7,8,5,6,5,0,3,0,0,0,0,1
ENVECON,C001,1,"BERCK, P          ",0,8,11,3,3,5,9,5,0,0,0,0,1
ENVECON,C102,1,"SUNDING, D L      ",0,4,4,3,8,6,7,6,5,0,1,0,1
ENVECON,C118,1,"SADOULET, E       ",2,6,5,2,8,6,2,6,1,1,1,2,1
ENVECON,C151,1,"DEJANVRY, A       ",7,10,6,7,11,10,5,5,3,0,1,0,1
ENVECON,C181,1,"HARRISON, A E     ",0,2,2,1,8,4,5,2,3,0,0,0,1
EPS,8,1,"BERRY, W B        ",3,53,16,23,18,14,8,1,1,0,0,0,2
EPS,20,1,"ALLEN, R M        ",9,26,34,25,20,8,5,3,1,0,1,0,2
EPS, 039A,1,"RICHARDS, M A     ",0,2,5,2,5,2,1,1,0,0,0,0,0
EPS,50,1,"DREGER, D S       ",0,11,9,10,9,3,2,1,0,0,0,0,1
EPS,84,2,"INGRAM, B L       ",2,8,1,0,2,0,0,0,0,0,0,0,0
EPS, 100A,1,"WENK, H R         ",4,3,2,3,5,1,1,2,1,0,1,0,0
EPS,109,1,"MILITZER, B       ",1,5,0,2,2,1,0,0,0,0,0,0,0
EPS,115,1,"ALVAREZ, W S      ",2,4,8,1,2,0,0,1,0,0,0,0,0
EPS,117,1,"DIETRICH, W E     ",0,10,4,3,2,2,0,1,0,0,0,0,0
EPS,119,1,"RENNE, P R        ",0,11,3,1,0,0,0,0,0,0,0,0,0
EPS,150,1,"BURGMANN, R       ",0,6,6,5,1,1,0,0,0,0,0,0,0
EPS, 170AC,1,"BRIMHALL, G H     ",2,15,7,7,1,2,0,0,0,0,0,0,0
EPS,185,1,"BERRY, W B        ",3,59,20,34,13,2,0,0,0,0,0,0,1
EPS,C082,1,"BISHOP, J         ",2,37,0,0,20,0,0,9,0,0,2,0,5
EPS,C180,1,"GOLDSTEIN, A H    ",0,2,1,1,5,1,0,2,0,0,0,0,1
EPS,C181,1,"COLLINS, W D      ",0,6,6,0,3,0,1,0,0,0,0,0,1
ESPM,2,1,"BANFIELD, J F     ",12,19,10,23,7,6,5,4,0,0,1,0,1
ESPM,6,1,"CHAPELA, I H      ",5,24,9,15,7,2,2,1,1,0,0,0,0
ESPM,40,1,"WILL, K W         ",9,20,17,8,16,8,7,4,1,1,2,0,7
ESPM,44,1,"MILLS, N J        ",1,25,11,16,3,4,0,1,0,0,0,0,2
ESPM, 050AC,1,"SPREYER, K        ",10,156,22,21,26,3,1,5,2,0,1,0,0
ESPM,90,1,"FRANKIE, G W      ",0,48,0,0,0,0,0,0,0,0,0,0,3
ESPM,100,1,"FRANKIE, G W      ",14,26,8,6,5,2,0,1,0,0,1,0,0
ESPM, 102A,1,"BATTLES, J J      ",0,7,4,5,4,0,1,0,1,0,0,0,0
ESPM, 102B,1,"BONIELLO, R A     ",2,6,2,6,3,0,0,1,1,0,0,0,0
ESPM, 102BL,1,"BONIELLO, R A     ",2,6,2,5,2,0,0,1,0,0,0,0,0
ESPM,106,1,"BARRETT, R H      ",0,7,4,9,9,7,3,0,2,0,0,0,0
ESPM, 108A,1,"DODD, R S         ",4,5,7,5,3,4,1,0,0,0,0,0,0
ESPM, 108B,1,"DODD, R S         ",1,4,3,3,0,0,0,0,0,0,0,0,0
ESPM,117,1,"NICHOLLS, C I     ",2,27,24,1,0,0,0,0,0,0,0,0,0
ESPM,118,1,"ALTIERI, M A      ",2,19,12,8,2,0,0,0,0,0,0,0,1
ESPM,119,1,"KUBO, I           ",1,3,4,6,8,2,1,0,0,0,0,0,0
ESPM,120,1,"AMUNDSON, R G     ",0,4,5,3,8,5,1,2,2,0,0,0,0
ESPM,150,1,"TSUTSUI, N        ",4,4,3,0,1,0,0,0,0,0,0,0,0
ESPM,150,2,"HIGBIE, W R       ",4,10,9,3,3,0,0,0,0,0,0,0,2
ESPM, 160AC,1,"MERCHANT, C       ",0,27,15,12,9,2,2,0,0,0,0,0,0
ESPM,161,1,"MERCHANT, C       ",0,22,27,6,4,0,0,0,0,0,0,0,0
ESPM,161,2,"MERCHANT, C       ",0,2,6,3,2,0,0,0,0,0,0,0,0
ESPM, 163AC,1,"WEINTRAUB, M      ",12,21,20,12,9,4,4,3,3,0,0,0,3
ESPM,169,1,"O'NEILL, K M      ",3,16,32,8,2,2,0,2,0,0,0,0,1
ESPM,173,1,"DE VALPINE, D     ",3,12,4,1,3,2,0,0,0,0,0,0,0
ESPM,184,1,"ALTIERI, M A      ",10,8,3,1,0,0,0,0,0,0,0,0,0
ESPM,186,1,"HUNTSINGER, L     ",0,19,0,4,1,3,0,0,0,0,0,0,0
ESPM,192,1,"LINDOW, S E       ",7,17,11,7,23,8,3,2,4,0,0,0,0
ESPM,194,1,"WOOD, D L         ",7,4,0,0,0,0,0,0,0,0,0,0,0
ESPM,C011,1,"HUNTSINGER, L     ",2,35,11,4,12,1,2,1,1,0,0,0,0
ESPM,C012,1,"SPOSITO, G        ",0,29,40,12,1,1,0,0,0,0,0,0,0
ESPM,C103,1,"BEISSINGER, S R   ",0,6,4,5,15,2,0,1,0,1,0,0,0
ESPM,C129,1,"BALDOCCHI, D D    ",1,4,3,1,5,1,0,0,0,0,0,0,0
ESPM,C167,1,"MORELLO-FROSCH, R ",0,22,18,10,11,4,2,1,1,0,0,0,2
ESPM,C193A,1,"HURST, J G        ",4,12,0,0,0,0,0,0,0,0,0,0,0
ETH STD, 010AC,1,"SARAGOZA, A M     ",2,15,18,17,28,8,7,2,5,2,2,1,7
ETH STD, 041AC,1,"MUNOZ, C          ",4,20,25,23,12,3,1,1,1,0,0,0,0
ETH STD, 101A,1,"GROSFOGUEL, R     ",12,15,9,19,13,8,1,3,1,0,0,0,0
ETH STD, 130AC,1,"ROBINSON, V E     ",3,12,4,6,6,4,2,2,0,1,0,0,2
ETH STD, 135AC,1,"MONTEJANO, D      ",10,11,8,5,7,1,3,0,0,0,0,0,0
ETH STD,147,1,"TOWGHI, F         ",0,24,8,2,0,0,0,0,0,0,0,0,0
ETH STD, 159AC,1,"MANZ, B           ",8,32,21,13,12,2,1,1,1,0,0,1,3
ETH STD,190,2,"ALLEN, R          ",4,14,0,0,0,0,0,0,0,0,0,0,0
ETH STD,190,3,"JAMES HERNANDEZ, F",13,4,3,0,2,1,0,0,0,0,0,0,0
ETH STD,195,1,"WU, D P           ",2,2,4,1,4,1,0,1,0,0,0,0,0
EURA ST, 001A,1,"MIKAELIAN, S I    ",1,15,0,0,0,0,0,0,0,0,0,0,0
EURA ST, 101A,1,"MIKAELIAN, S I    ",2,13,0,0,0,0,0,0,0,0,0,0,0
FILM, 025A,1,"FABE, M M         ",0,11,13,17,6,0,1,1,0,0,0,0,1
FILM,26,1,"MOISEY, A H       ",0,8,2,1,1,0,0,0,0,0,0,0,0
FILM, 028B,1,"LEVIN, E          ",17,14,7,9,9,7,2,3,1,0,1,0,0
FILM,100,1,"MALKOWSKI, J C    ",2,10,7,8,6,2,8,2,0,0,0,0,2
FILM,108,1,"KAES, A J         ",4,5,5,11,5,0,0,1,1,0,0,0,2
FILM,108,2,"WHISSEL, K M      ",1,4,4,5,9,1,0,0,0,0,0,0,0
FILM,108,3,"GUTTERRIEZ, F R   ",0,5,8,2,0,0,0,0,0,0,0,0,0
FILM,108,4,"JONES, E M        ",4,8,2,1,2,0,0,0,2,0,0,0,0
FILM,151,1,"FABE, M M         ",1,7,6,10,13,2,0,0,0,0,0,0,0
FILM,151,2,"MOSES, G J        ",0,5,5,3,0,0,0,0,0,0,0,0,0
FILM,151,4,"JONES, E M        ",6,2,6,3,4,1,0,0,0,0,0,0,0
FILM,160,1,"GOKTURK, D        ",3,4,4,0,0,0,0,0,0,0,0,0,0
FILM,R001A,1,"KAPSE, A P        ",1,18,6,6,1,0,0,0,0,0,0,0,0
FILM,R001A,2,"HUKKU, S P        ",0,3,20,7,1,2,0,0,0,0,0,0,0
FILM,R001A,3,"FERGUSON, S       ",0,5,7,2,3,0,1,0,0,0,0,0,0
FRENCH,1,1,"CHAVDARIAN, S     ",2,2,2,2,1,2,0,0,0,0,0,0,1
FRENCH,1,2,"HEIDENFELDT, W A  ",0,4,3,2,3,0,2,1,0,0,0,0,0
FRENCH,1,3,"HOFFMANN, D R     ",0,6,5,3,2,0,0,1,0,0,0,0,0
FRENCH,1,4,"WILDS, T B        ",0,8,2,4,1,0,0,1,0,0,0,0,0
FRENCH,1,5,"REPINECZ, J       ",0,7,2,1,2,0,1,0,1,0,0,0,0
FRENCH,1,6,"SKRZYPCZYNSKA, A B",0,3,1,1,2,1,1,0,1,0,0,0,1
FRENCH,1,7,"SMITH, M B        ",1,5,5,0,0,0,0,0,0,0,0,0,0
FRENCH,1,8,"BOUCHER, D        ",0,7,1,3,1,0,0,0,0,0,0,0,0
FRENCH,1,9,"MEYER, M L        ",0,3,6,1,1,1,0,0,0,0,0,0,0
FRENCH,1,10,"MARTIN, L         ",0,7,5,1,2,1,0,0,0,0,0,0,0
FRENCH,2,1,"DIAZ, P           ",0,2,6,3,0,1,0,2,0,0,0,0,0
FRENCH,2,2,"SYLVIA, O G       ",0,8,1,2,0,0,0,0,0,0,0,0,0
FRENCH,2,3,"BOUCHER, D        ",1,5,3,3,1,0,0,0,0,1,0,0,0
FRENCH,2,4,"WAGNER, M A       ",0,4,4,3,0,1,0,1,1,0,0,0,0
FRENCH,2,5,"KAREGEYE, J       ",0,11,2,2,1,0,0,0,0,0,0,0,0
FRENCH,2,6,"BOUCHER, D        ",0,11,1,3,1,0,0,0,0,0,0,0,0
FRENCH,2,8,"SMITH, M A        ",0,3,1,3,2,1,0,2,0,0,0,0,1
FRENCH,3,2,"YOSHIOKA-MAXWELL, ",0,8,1,0,4,0,0,0,0,0,0,0,0
FRENCH,3,3,"VENDETTI, M       ",0,7,2,0,1,0,0,1,0,0,0,0,0
FRENCH,3,5,"SHUH, R A         ",0,1,10,2,1,0,0,0,0,0,0,0,0
FRENCH,3,6,"MARGAIRAZ, S      ",0,2,5,1,3,0,0,0,0,0,0,0,0
FRENCH,3,7,"MARTIN, L         ",1,8,3,3,1,1,0,0,0,0,0,0,0
FRENCH,3,8,"MEUNIER, A E      ",0,3,4,3,3,0,0,0,0,0,0,0,0
FRENCH,4,1,"RAFONI, D A       ",0,7,6,0,1,0,0,0,0,0,0,0,0
FRENCH,4,2,"BATTIS, S E       ",0,5,5,3,1,1,1,0,0,0,0,0,0
FRENCH,4,3,"TIMMONS, N A      ",0,11,6,2,0,0,0,0,0,0,0,0,0
FRENCH,4,4,"TIMMONS, N A      ",0,10,6,2,0,1,1,0,0,0,0,0,0
FRENCH,4,5,"SHUH, R A         ",0,4,3,4,1,0,0,0,0,0,0,0,0
FRENCH,13,1,"MARGAIRAZ, S      ",0,10,2,0,0,0,0,0,0,0,0,0,0
FRENCH, 043B,1,"SMOCK, A A        ",2,7,9,2,2,0,0,0,0,0,0,0,0
FRENCH,102,1,"PAIGE, N          ",1,3,5,3,1,0,1,0,0,0,0,0,1
FRENCH,102,2,"DUTOIT, J U       ",2,11,5,0,0,0,0,1,0,0,0,0,0
FRENCH, 103A,1,"DURLING, N V      ",0,0,6,2,2,2,1,0,0,0,0,0,0
FRENCH, 117A,1,"HAMPTON, T        ",0,7,3,2,1,0,0,0,0,0,0,0,1
FRENCH, 118A,1,"MASLAN, S A       ",0,15,5,3,0,0,0,0,0,0,0,0,0
FRENCH, 121B,1,"MASLAN, S A       ",0,7,7,3,1,0,0,1,0,0,0,0,0
FRENCH, 131A,1,"MCLAUGHLIN, M     ",4,2,3,1,2,0,0,0,0,0,0,0,0
FRENCH, 140C,1,"CHATTERJI, P      ",0,4,7,2,2,2,0,0,0,0,0,0,0
FRENCH, 146A,1,"MCLAUGHLIN, M     ",3,2,3,4,2,0,0,0,0,0,0,0,1
FRENCH,170,1,"DUTOIT, J U       ",2,12,6,0,0,0,0,0,0,0,0,0,0
FRENCH, 180D,1,"TLATLI, T S       ",0,10,2,0,0,1,0,0,0,0,0,0,0
FRENCH,R001B,1,"HERNANDEZ, A      ",0,10,4,2,0,1,0,0,0,0,0,0,0
GEOG,10,1,"SAYRE, N F        ",12,38,44,25,27,20,14,11,2,0,2,0,2
GEOG,40,1,"RHEW, R C         ",1,7,4,12,4,4,1,4,1,1,0,0,0
GEOG,144,1,"MILLER, N L       ",2,15,9,3,5,7,0,2,1,0,0,0,0
GEOG, 159AC,1,"MANZ, B           ",13,24,24,11,15,6,1,2,1,0,0,0,1
GEOG,164,1,"HSING, Y          ",1,9,14,5,12,8,4,4,1,2,1,2,3
GEOG,171,1,"LESSA, G C        ",0,3,0,8,0,7,2,0,0,0,0,0,1
GEOG,181,1,"WALKER, R A       ",2,11,6,0,0,0,0,0,0,0,0,0,0
GEOG,183,1,"JENSEN, D         ",0,11,0,2,0,0,0,1,0,0,0,0,0
GEOG,C032,1,"TRIST, C R        ",1,2,6,4,1,1,1,2,0,1,2,0,1
GEOG,C055,1,"MEHENDALE, S      ",0,15,4,2,1,0,0,0,0,0,0,0,1
GEOG,C082,1,"RHEW, R C         ",1,49,0,0,14,0,0,5,0,0,6,0,6
GEOG,C110,1,"WALKER, R A       ",3,12,20,21,16,4,3,2,3,0,1,0,3
GEOG,C160A,1,"GROTH, P E        ",0,6,3,4,4,3,0,1,0,0,0,0,0
GEOG,C188,1,"RADKE, J D        ",4,13,9,3,0,0,1,2,1,0,0,1,0
GERMAN,1,2,"BERGERSON, J R    ",0,10,4,2,0,0,2,0,0,0,0,0,0
GERMAN,1,3,"ELLIS, R          ",2,4,5,3,2,0,0,0,0,0,0,0,0
GERMAN,1,4,"MANTHRIPRAGADA, A ",2,10,2,3,1,0,0,0,0,0,0,0,0
GERMAN,1,5,"ST. CLAIR, M      ",2,6,2,3,1,0,0,0,0,0,0,0,0
GERMAN,1,6,"MUSANOVIC, E      ",1,10,5,0,1,0,1,0,0,0,0,0,1
GERMAN,1,7,"LORENZ, S R       ",1,4,1,2,1,1,1,0,0,0,0,0,0
GERMAN,2,1,"BUCHER, R J       ",0,3,3,4,2,1,0,1,0,0,0,0,1
GERMAN,2,2,"KOLAR, M G        ",1,6,3,1,0,1,0,0,0,0,0,0,0
GERMAN,2,3,"HAWKSHAW, C       ",0,5,2,3,1,0,0,0,0,0,0,0,0
GERMAN,3,1,"WOODS, P C        ",2,7,6,1,0,0,0,0,0,0,0,0,0
GERMAN,3,2,"BEALS, K A        ",3,4,3,0,0,0,0,0,0,0,0,0,1
GERMAN,4,1,"WINTERS, M K      ",4,5,1,0,0,0,0,0,1,0,0,0,0
GERMAN, 039A,1,"FELDMAN, K S      ",0,3,7,2,1,0,0,0,0,0,0,0,0
GERMAN,100,1,"GOKTURK, D        ",0,1,7,5,3,0,0,0,0,0,0,0,1
GERMAN,101,1,"EUBA, N           ",2,9,7,1,0,0,0,0,0,0,0,0,0
GERMAN, 102D,1,"MITTLER, A        ",1,9,4,1,0,0,0,0,0,0,0,0,0
GERMAN,151,1,"KUDSZUS, W G      ",3,7,1,0,0,1,0,1,0,0,0,0,1
GERMAN, 157A,1,"FELDMAN, K S      ",0,9,5,2,4,1,1,0,1,0,0,0,1
GERMAN, 160B,1,"SCHUERING, M      ",1,12,6,4,3,1,0,0,0,0,0,0,0
GERMAN,177,1,"DEWULF, J         ",2,2,10,0,2,2,1,0,0,0,0,0,1
GERMAN,R005A,1,"TOTH, G L         ",0,17,4,0,0,0,0,0,0,0,0,0,0
GERMAN,R005A,2,"BANWELL, E J      ",0,8,7,2,0,0,0,0,0,0,0,0,0
GERMAN,R005A,3,"RAHMAN, S K       ",1,1,13,4,2,1,0,0,0,0,0,0,0
GERMAN,R005A,4,"DEWEY, T K        ",5,13,0,0,0,0,0,0,0,0,0,0,0
GERMAN,R005A,5,"BANWELL, E J      ",0,11,6,0,2,0,0,0,0,0,0,0,0
GREEK,1,1,"PAPAZARKADAS, N   ",4,3,2,2,2,0,0,0,0,0,0,0,0
GREEK,102,1,"SAILOR, D         ",1,4,4,1,1,0,0,0,0,0,0,0,0
GWS,10,1,"BACCHETTA, P      ",0,21,17,10,9,7,1,1,0,0,0,0,3
GWS,14,1,"AGIS, A           ",0,3,20,13,9,10,6,1,4,0,1,0,0
GWS,20,1,"BARNES, B A       ",2,13,5,4,7,2,1,0,0,0,0,0,0
GWS, 050AC,1,"BARNES, B A       ",2,34,14,5,6,2,0,0,1,0,0,0,0
GWS,102,1,"BACCHETTA, P      ",0,13,5,6,1,4,3,0,0,1,0,0,2
GWS,103,1,"TRINH, M          ",2,9,14,10,10,0,1,1,0,0,0,0,0
GWS, 130AC,1,"THOMPSON, C M     ",2,7,12,13,5,5,2,0,1,0,0,1,0
GWS,140,1,"BARNES, B A       ",2,10,7,4,7,0,1,0,0,0,0,0,0
GWS,195,1,"RODRIGUEZ, J M    ",1,3,6,1,2,0,0,0,1,0,1,0,0
HEBREW, 020A,1,"BOYARIN, C        ",7,5,4,1,0,0,0,0,0,0,0,0,0
HIN-URD, 001A,1,"HUETTEMANN, A L   ",1,5,6,4,1,1,0,0,0,0,1,0,0
HIN-URD, 001A,2,"HUETTEMANN, A L   ",3,4,12,2,1,0,0,0,0,0,0,0,0
HIN-URD, 103A,1,"AHMAD, A          ",0,8,3,1,0,0,0,0,0,0,0,0,0
HISTART,35,1,"LEVINE, G P       ",3,24,16,15,8,5,1,1,1,0,1,1,2
HISTART,62,1,"REGAN, L          ",0,14,7,7,13,2,1,1,0,0,0,0,0
HISTART,100,1,"GRUDIN, A E       ",1,24,22,24,13,0,0,0,0,0,0,0,0
HISTART, 136A,1,"WILLIAMS, J G     ",0,8,13,8,5,1,2,0,0,1,1,0,1
HISTART,182,1,"HAMILL, S B       ",1,4,11,10,10,3,1,0,0,0,0,0,1
HISTART, 185A,1,"LOVELL, M M       ",0,4,8,9,8,7,4,2,0,0,0,0,2
HISTART, 190A,1,"BERGER, P A       ",1,18,23,14,5,1,0,0,1,0,0,0,0
HISTART, 190F,1,"MCDONOUGH, T F    ",0,10,19,4,5,2,0,3,0,0,0,0,0
HISTART, 192B,1,"PIERACCINI, L     ",0,4,6,1,0,1,0,0,0,0,0,0,0
HISTART, 192F,1,"GRIGSBY, D G      ",1,3,3,2,2,0,0,0,0,0,0,0,0
HISTART,R001B,2,"SHAPIRSHTEYN, V   ",0,3,6,2,4,1,0,0,0,0,0,0,0
HISTART,R001B,3,"SPIGLER, J K      ",1,1,4,4,4,1,0,0,0,0,0,0,1
HISTART,R001B,4,"SCHICK, C         ",0,5,5,2,2,1,2,0,0,0,0,0,0
HISTART,R001B,5,"HOY, M            ",0,1,3,4,5,1,0,0,0,0,0,0,1
HISTART,R001B,6,"TELFAIR, C M      ",0,9,5,3,1,1,0,0,0,0,0,0,0
HISTART,R001B,8,"LAKEY, C R        ",0,3,2,5,3,0,0,0,0,0,0,0,0
HISTART,R001B,9,"RODIC, V          ",0,8,1,3,1,0,0,0,0,0,0,0,1
HISTORY, 004A,1,"NORENA, C F       ",0,18,45,15,8,7,0,9,0,0,0,0,1
HISTORY,5,1,"HESSE, C          ",1,41,47,26,31,14,5,4,5,0,0,0,3
HISTORY, 006A,1,"NYLAN, M          ",3,18,15,16,27,9,4,1,2,0,0,0,0
HISTORY, 007A,1,"PETERSON, M A     ",0,70,54,57,27,11,4,5,2,0,1,0,2
HISTORY, 008A,1,"CHOWNING, M       ",0,20,13,15,5,3,0,0,1,0,0,0,1
HISTORY,10,1,"KANOGO, T M       ",0,18,8,3,4,1,1,2,0,0,0,0,0
HISTORY,11,1,"IRSCHICK, E F     ",1,5,3,2,4,2,0,0,0,0,0,0,0
HISTORY,12,1,"DOUMANI, B        ",1,18,21,28,23,6,3,0,1,0,0,0,2
HISTORY,14,1,"BARSHAY, A E      ",1,17,14,9,6,5,1,0,0,0,0,0,3
HISTORY,100,1,"HENKIN, D M       ",0,8,9,11,9,2,1,0,0,0,0,0,0
HISTORY,100,2,"CONNELLY, J       ",0,3,2,6,0,0,0,0,0,0,0,0,0
HISTORY,100,5,"SHAGAN, E H       ",0,6,10,5,7,3,2,3,1,0,0,0,0
HISTORY,100,6,"CARR, B           ",2,11,22,4,4,6,0,0,0,0,0,0,2
HISTORY,100,7,"VANHAUTE, E       ",5,5,4,2,0,1,0,1,0,0,0,0,1
HISTORY,100,9,"BIOCCA, D         ",0,7,4,0,1,0,0,1,0,0,0,0,0
HISTORY,101,3,"FRYDL, K J        ",2,5,2,4,0,1,0,0,0,0,0,0,0
HISTORY,101,4,"HENKIN, D M       ",0,3,2,3,3,1,0,0,0,0,0,0,0
HISTORY,101,6,"VIATOR, F A       ",0,1,5,0,1,1,1,0,1,0,0,0,1
HISTORY, 103B,2,"MILLER, M C       ",0,2,2,4,2,1,1,1,1,0,0,0,0
HISTORY, 103B,3,"HESSE, C          ",0,7,2,2,2,0,0,0,0,0,0,0,0
HISTORY, 103B,9,"JOHNSON, B S      ",0,2,4,5,0,0,0,0,0,0,0,0,0
HISTORY, 103D,2,"SARGENT, D J      ",1,4,7,1,0,1,0,0,0,0,0,0,0
HISTORY, 103D,4,"ROSEN, R E        ",1,4,5,2,0,0,2,0,0,0,0,0,0
HISTORY, 103D,6,"KHALIL, O         ",0,7,4,1,0,1,0,0,0,0,0,0,0
HISTORY, 103E,2,"RAMIREZ, P F      ",0,7,0,2,1,0,0,1,0,0,1,0,0
HISTORY, 103E,3,"CARR, B           ",1,5,3,4,0,1,0,0,0,0,0,0,1
HISTORY, 103U,2,"KLEIN, K L        ",0,2,4,6,1,0,0,0,0,0,0,0,2
HISTORY, 105B,1,"MACKIL, E M       ",1,10,14,10,4,1,1,0,2,1,0,0,0
HISTORY,108,1,"MAVROUDI, M       ",3,10,2,4,5,3,4,1,1,0,2,0,0
HISTORY, 109C,1,"ISLAMOGLU, H      ",3,12,5,8,6,1,1,1,0,0,0,0,0
HISTORY, 113A,1,"WELLS, K M        ",0,6,2,2,1,1,0,2,0,1,1,1,3
HISTORY, 117A,1,"JOHNSON, D G      ",0,5,7,10,4,4,4,3,1,2,0,0,0
HISTORY, 120AC,1,"MERCHANT, C       ",0,12,1,5,3,0,1,0,0,0,0,0,0
HISTORY, 127AC,1,"KLEIN, K L        ",0,13,44,35,28,10,5,1,0,0,0,0,3
HISTORY,143,1,"LEWIN, L          ",0,7,1,3,6,0,1,1,0,0,0,0,0
HISTORY, 155A,1,"KOZIOL, G         ",2,5,9,13,9,9,5,0,0,0,0,0,2
HISTORY, 158C,1,"ADAMTHWAITE, A    ",1,56,28,33,72,17,4,12,0,1,1,0,10
HISTORY, 159A,1,"DEVRIES, J        ",1,3,12,12,12,10,8,1,2,0,2,0,1
HISTORY, 167C,1,"WETZEL, D         ",4,11,27,13,8,3,0,0,1,0,0,0,0
HISTORY, 171B,1,"FREDE, V          ",0,5,7,15,3,2,0,0,1,0,1,0,0
HISTORY, 177A,1,"ASTOURIAN, S H    ",0,2,1,3,3,2,0,1,0,0,0,0,0
HISTORY,180,1,"LESCH, J E        ",0,10,12,2,3,0,0,0,0,0,0,0,0
HISTORY,C132B,1,"HOLLINGER, D A    ",1,10,7,5,2,7,2,1,0,0,1,1,3
HISTORY,C139C,1,"MARTIN, W E       ",0,17,17,14,15,7,4,6,2,2,0,0,3
HISTORY,C157,1,"DANDELET, T       ",0,13,27,12,13,4,2,1,1,0,0,0,2
HISTORY,C175B,1,"EFRON, J M        ",0,12,4,1,6,2,0,0,0,0,1,0,1
HISTORY,C194,1,"DEWULF, J         ",3,6,2,0,0,0,0,0,0,0,0,0,0
IAS,45,1,"BAILEY, S         ",1,12,22,25,20,6,0,6,1,1,0,0,1
IAS,45,2,"PEARSON, H D      ",2,13,18,10,16,8,10,2,0,1,2,0,1
IAS,102,1,"ZOOK, D C         ",0,19,10,4,1,2,0,0,0,0,0,0,0
IAS,102,2,"ZOOK, D C         ",0,32,4,2,1,1,0,0,0,0,0,0,0
IAS,105,1,"TALWALKER, C      ",0,12,9,1,1,0,0,0,0,0,0,0,0
IAS,106,1,"AUFFHAMMER, M     ",3,17,47,14,14,9,6,5,1,0,2,0,7
IAS,115,1,"ROY, A            ",1,75,76,58,10,2,1,0,1,0,0,0,0
IAS,C118,1,"SADOULET, E       ",4,3,1,2,1,1,3,1,1,0,0,1,0
IAS,H102,1,"KARRAS, A L       ",0,7,7,5,3,0,0,0,0,0,0,0,1
IND ENG,115,1,"GOLDBERG, K Y     ",4,22,16,8,5,0,0,0,0,0,0,1,0
IND ENG,140,1,"GLASSEY, C R      ",2,12,3,3,1,0,0,0,0,0,0,0,0
IND ENG,150,1,"CHEN, Y           ",0,22,0,8,13,5,3,1,4,0,1,0,0
IND ENG,153,1,"KAMINSKY, P M     ",0,32,20,6,16,4,0,0,0,0,0,0,0
IND ENG,160,1,"ADLER, I          ",1,17,33,21,15,3,3,0,0,0,0,0,0
IND ENG,162,1,"ATAMTURK, A       ",1,14,10,9,4,3,4,7,1,0,0,0,0
IND ENG,172,1,"SHANTHIKUMAR, J G ",2,22,1,5,2,0,0,1,0,0,0,0,1
IND ENG,180,1,"KAMINSKY, P M     ",3,12,11,0,0,0,0,0,0,0,0,0,0
IND ENG, 190A,1,"BURGSTONE, J M    ",0,30,5,2,13,1,1,7,5,0,0,0,0
IND ENG, 190C,1,"WAHL, B           ",15,18,1,2,1,0,0,0,0,0,0,0,0
IND ENG, 190E,1,"SINGER, K         ",8,6,5,2,0,1,0,0,0,0,0,0,0
IND ENG, 190G,1,"LAVIAN, T         ",12,9,4,0,0,0,0,0,0,0,0,0,0
INFO,190,1,"BURRELL, J        ",2,5,5,4,0,1,0,0,0,0,0,0,0
INTEGBI,24,1,"CALDWELL, R L     ",1,7,1,0,2,0,0,0,0,0,0,0,0
INTEGBI,24,4,"PADIAN, K         ",1,4,6,3,0,1,0,0,0,0,0,0,0
INTEGBI, 035AC,1,"HLUSKO, L         ",11,51,39,27,42,14,4,8,5,0,7,0,2
INTEGBI,41,1,"LINDBERG, D R     ",6,16,12,14,10,9,4,7,8,0,10,1,11
INTEGBI,88,1,"KIM, K K          ",0,6,4,0,0,2,0,0,0,0,0,0,0
INTEGBI,117,1,"CARLSON, T J      ",7,115,20,34,50,19,11,20,10,0,5,3,1
INTEGBI, 117L,1,"CARLSON, T J      ",2,2,4,2,0,2,1,1,3,0,0,0,1
INTEGBI, 117L,2,"CARLSON, T J      ",7,4,6,0,1,3,0,1,1,0,0,0,0
INTEGBI,118,1,"SHAPIRA, M        ",6,4,5,5,2,3,5,2,2,2,1,0,0
INTEGBI, 123A,1,"BROOKS, G A       ",1,6,9,11,4,5,0,1,1,0,0,0,0
INTEGBI, 123AL,1,"BROOKS, G A       ",1,9,4,3,0,0,0,0,0,0,0,0,0
INTEGBI, 123AL,2,"BROOKS, G A       ",0,3,8,3,1,0,0,0,0,0,0,0,0
INTEGBI,127,1,"LEHMAN, S L       ",6,9,10,9,6,2,0,4,0,0,0,0,0
INTEGBI, 127L,1,"LEHMAN, S L       ",1,6,6,4,0,2,0,0,0,0,0,0,0
INTEGBI, 127L,2,"LEHMAN, S L       ",0,9,4,3,2,1,0,0,0,0,0,0,0
INTEGBI,131,1,"DIAMOND, M C      ",0,682,0,0,37,0,0,2,0,0,2,0,1
INTEGBI, 131L,1,"DIAMOND, M C      ",0,5,1,4,3,1,2,4,0,0,1,1,0
INTEGBI, 131L,2,"DIAMOND, M C      ",0,6,3,1,5,0,1,1,2,0,1,0,0
INTEGBI, 131L,3,"DIAMOND, M C      ",1,0,3,2,7,1,1,2,1,0,0,0,1
INTEGBI, 131L,4,"DIAMOND, M C      ",0,5,2,4,7,0,1,3,0,1,0,0,0
INTEGBI, 131L,6,"DIAMOND, M C      ",0,2,2,3,5,0,0,2,1,1,0,0,2
INTEGBI, 131L,7,"DIAMOND, M C      ",0,5,2,1,5,5,0,1,1,0,1,0,0
INTEGBI, 131L,8,"DIAMOND, M C      ",0,8,0,2,7,0,0,2,1,0,0,0,0
INTEGBI, 131L,9,"DIAMOND, M C      ",0,3,1,2,9,1,0,3,0,0,0,0,0
INTEGBI, 131L,10,"DIAMOND, M C      ",2,2,3,6,3,1,3,3,0,0,0,0,3
INTEGBI,137,1,"HAYES, T B        ",1,56,18,1,43,0,3,6,1,0,2,0,0
INTEGBI,148,1,"FULL, R J         ",11,15,3,5,7,3,0,2,1,0,1,0,0
INTEGBI,153,1,"POWER, M E        ",3,5,4,5,4,4,0,1,4,0,0,0,2
INTEGBI,154,1,"ACKERLY, D D      ",0,5,4,7,4,5,3,5,0,2,0,0,0
INTEGBI,160,1,"PADIAN, K         ",11,13,12,11,15,7,9,12,8,4,5,2,6
INTEGBI,162,1,"SIMMS, E L        ",0,3,6,11,5,4,9,0,5,0,0,0,0
INTEGBI,184,2,"BARNOSKY, A D     ",6,3,1,1,1,3,0,2,1,0,0,0,0
INTEGBI, 184L,1,"BARNOSKY, A D     ",3,5,6,1,1,2,0,0,0,0,0,0,0
INTEGBI,187,1,"KIRCH, P V        ",7,13,12,9,7,3,2,0,0,0,0,0,0
INTEGBI,C082,1,"BISHOP, J         ",6,38,0,0,24,0,0,8,0,0,4,0,3
INTEGBI,C125,1,"SCOTT, M K        ",0,4,5,4,1,0,0,0,0,0,0,0,0
INTEGBI,C143A,1,"KRIEGSFELD, L J   ",0,11,8,7,8,0,2,6,2,0,0,0,1
INTEGBI,C144,1,"CALDWELL, R L     ",2,20,6,5,26,10,4,27,2,0,2,0,1
INTEGBI,C156,1,"BEISSINGER, S R   ",1,4,2,2,7,1,0,1,1,0,1,0,2
INTEGBI,C163,1,"AMACHER, S L      ",0,7,4,2,26,9,5,23,13,1,0,0,2
ISF,62,1,"EHRLICH, R M      ",0,12,3,3,6,3,2,2,1,0,0,0,2
ISF, 100A,1,"WREN, G P         ",2,12,10,11,15,6,5,14,5,0,3,0,2
ISF, 100A,2,"HOLUB, R W        ",7,11,14,11,12,7,3,4,2,0,0,0,1
ISF, 100B,1,"KLEE, E B         ",0,17,7,12,6,9,3,0,3,0,1,2,7
ISF,189,1,"IPSEN, A E        ",4,16,10,2,4,1,0,0,0,0,0,0,1
ITALIAN,1,1,"DI CARLO, A       ",2,5,4,1,1,1,0,0,0,0,0,0,0
ITALIAN,1,2,"DI CARLO, A       ",1,2,7,2,4,0,1,0,0,0,0,0,0
ITALIAN,1,4,"DI CARLO, A       ",2,4,6,2,0,0,0,0,0,0,0,0,0
ITALIAN,1,5,"DI CARLO, A       ",5,6,3,3,0,0,0,1,0,0,0,0,0
ITALIAN,1,6,"BELLEZZA, A M     ",0,7,9,3,3,2,0,0,0,0,0,0,0
ITALIAN,1,8,"DI CARLO, A       ",1,7,4,3,2,0,0,0,0,0,0,0,0
ITALIAN,2,3,"DI CARLO, A       ",1,9,6,1,2,1,1,1,0,0,0,0,0
ITALIAN,2,4,"JACOBSEN, M M     ",5,8,5,3,1,0,0,0,0,0,0,0,0
ITALIAN,3,3,"JACOBSEN, M M     ",4,7,6,1,2,1,0,0,0,0,0,0,0
ITALIAN,4,1,"BELLEZZA, A M     ",0,7,2,2,1,2,0,0,0,0,0,0,0
ITALIAN,40,1,"REGAN, L          ",2,17,24,18,12,9,5,1,1,2,1,1,2
ITALIAN, 101A,1,"DI CARLO, A       ",2,4,3,4,4,1,0,0,0,0,0,0,0
ITALIAN,104,1,"RICCIARDI, A      ",3,6,4,2,0,2,0,0,0,0,0,0,0
ITALIAN,163,1,"BOTTERILL, S N    ",1,9,6,3,3,1,0,0,0,0,0,0,0
ITALIAN,170,1,"MOSES, G J        ",0,6,3,2,5,0,0,0,0,0,0,0,1
ITALIAN,R005A,1,"SPACKMAN, B G     ",1,3,5,6,0,1,0,0,0,0,0,0,0
ITALIAN,R005A,2,"SPACKMAN, B G     ",0,0,4,6,0,1,2,1,1,0,0,0,1
ITALIAN,R005B,2,"SPACKMAN, B G     ",1,12,3,0,1,0,0,0,0,0,0,0,1
JAPAN, 001A,1,"TOMIZUKA, M       ",0,8,5,1,0,0,0,1,0,0,0,0,1
JAPAN, 001A,2,"TOMIZUKA, M       ",1,2,3,1,2,1,1,0,0,0,0,0,0
JAPAN, 001A,4,"TOMIZUKA, M       ",1,6,2,2,3,0,1,0,0,0,0,0,1
JAPAN, 001A,5,"TOMIZUKA, M       ",1,7,2,4,4,0,0,0,0,0,0,0,0
JAPAN, 001A,6,"TOMIZUKA, M       ",0,5,4,1,4,0,2,0,0,0,0,0,0
JAPAN, 001A,7,"TOMIZUKA, M       ",0,6,2,1,0,0,2,1,1,0,0,0,1
JAPAN, 001A,8,"TOMIZUKA, M       ",1,7,1,3,1,0,0,0,0,0,0,0,1
JAPAN, 001A,9,"TOMIZUKA, M       ",0,5,4,0,4,1,0,0,0,1,0,0,1
JAPAN, 001A,10,"TOMIZUKA, M       ",1,6,1,2,4,0,2,0,0,0,0,0,1
JAPAN, 001A,11,"TOMIZUKA, M       ",1,4,3,2,2,4,1,0,0,0,0,0,0
JAPAN, 001A,12,"TOMIZUKA, M       ",0,4,2,1,2,1,0,1,0,0,0,0,0
JAPAN, 001A,13,"TOMIZUKA, M       ",0,4,3,3,2,0,0,0,0,0,1,0,0
JAPAN, 007A,1,"HORTON, H M       ",0,20,7,6,10,2,3,1,2,0,0,0,3
JAPAN, 010A,1,"WALLACE, N K      ",0,7,2,1,1,1,2,1,1,0,1,0,0
JAPAN, 010A,3,"WALLACE, N K      ",1,9,0,1,2,0,0,1,0,0,0,0,0
JAPAN, 010A,4,"WALLACE, N K      ",1,6,1,4,4,0,1,1,0,0,0,0,0
JAPAN, 010A,5,"WALLACE, N K      ",1,8,2,0,2,2,1,0,0,0,0,0,0
JAPAN, 010A,6,"WALLACE, N K      ",0,7,1,3,2,0,0,1,0,0,0,0,1
JAPAN, 010A,7,"WALLACE, N K      ",0,4,2,2,2,1,0,1,0,0,0,0,0
JAPAN, 100A,1,"KAMBARA, W        ",0,7,5,3,1,0,0,1,1,1,0,0,0
JAPAN, 100A,3,"KAMBARA, W        ",1,9,3,4,4,0,0,0,1,0,0,0,0
JAPAN, 100A,4,"KAMBARA, W        ",0,7,5,4,0,0,0,2,0,0,1,0,0
JAPAN, 100A,5,"KAMBARA, W        ",0,8,5,0,2,1,1,1,0,0,0,0,0
JAPAN,101,1,"BAKER, Y K        ",1,8,5,3,3,0,0,1,0,0,0,0,0
JAPAN,103,1,"SHIBAHARA, C      ",3,11,1,4,0,1,0,0,0,0,0,0,0
JAPAN,120,1,"HORTON, H M       ",1,13,7,4,6,2,1,1,1,0,0,0,1
JAPAN,130,1,"WALLACE, J        ",1,9,6,2,0,0,0,0,0,0,0,0,0
JAPAN,155,1,"O'NEILL, D C      ",1,8,7,3,3,0,0,0,0,0,0,0,0
JAPAN,180,1,"O'NEILL, D C      ",3,2,7,8,0,0,0,0,0,0,0,0,0
JAPAN,C115,1,"WILLIAMS, D       ",0,9,1,1,3,1,0,0,0,0,0,0,0
JOURN,24,1,"RASKY, S          ",0,10,0,0,1,0,0,0,0,0,0,0,0
KHMER, 001A,1,"SMITH, F J        ",2,6,0,1,2,0,0,0,0,0,0,0,1
KOREAN, 001A,1,"KIM, M            ",0,9,8,0,0,0,0,0,0,0,0,0,0
KOREAN, 001A,2,"KIM, M            ",0,16,2,0,0,0,1,0,0,0,0,0,0
KOREAN, 001A,3,"KIM, M            ",2,12,2,0,0,0,0,0,0,0,0,0,0
KOREAN, 001AX,2,"PARK, J           ",1,16,1,0,0,0,0,0,0,0,0,0,0
KOREAN, 001AX,3,"PARK, J           ",4,14,2,0,1,0,0,0,0,0,0,0,0
KOREAN, 010A,2,"LEE, S C          ",3,10,0,0,1,0,0,0,0,0,0,0,0
KOREAN, 010AX,1,"LEE, S C          ",1,20,1,0,0,0,0,0,0,0,0,0,1
KOREAN, 010AX,2,"LEE, S C          ",3,14,1,1,0,0,0,0,0,0,0,0,0
KOREAN, 100A,1,"KO, K             ",4,9,4,0,1,0,0,1,0,0,0,0,0
KOREAN, 100A,2,"KO, K             ",4,6,1,0,0,1,0,0,0,0,0,0,0
KOREAN,101,1,"KIM, K            ",6,13,1,0,0,0,0,0,0,0,0,0,0
KOREAN,111,1,"KIM, K            ",5,15,2,1,0,0,0,0,0,0,0,0,0
L & S, 020D,1,"MORAN, K S        ",2,12,12,8,1,1,0,1,0,0,0,0,0
L & S, 120B,1,"WHISSEL, K M      ",0,3,8,5,0,0,0,0,0,0,0,0,0
L & S, 140C,1,"PAPERNO, I        ",0,5,10,5,4,4,0,0,0,0,0,0,0
L & S, 170AC,1,"BRIMHALL, G H     ",0,10,10,10,2,0,1,1,0,0,0,0,1
L & S,C030T,1,"PRESTI, D E       ",0,45,49,33,40,11,13,14,1,0,3,0,2
L & S,C030U,1,"HUNTSINGER, L     ",1,23,8,1,11,0,1,1,0,0,0,0,0
L & S,C070U,1,"FILIPPENKO, A V   ",18,32,10,19,19,10,3,4,1,0,0,1,1
L & S,C070V,1,"MULLER, R A       ",18,38,40,30,23,16,7,9,8,0,0,0,2
L & S,C160T,1,"SEARLE, J R       ",0,2,15,18,4,1,1,0,0,0,0,0,1
L & S,R044,1,"OLIENSIS, E S     ",3,21,31,19,20,12,5,4,3,0,0,0,0
LATAMST,10,1,"SEGAL, L          ",0,5,5,7,20,9,4,4,0,0,0,0,1
LATAMST,150,2,"SEHNBRUCH, K      ",1,3,3,4,2,1,0,1,0,0,0,0,0
LATIN,1,1,"SOUZA, R D        ",3,1,1,2,3,1,0,0,1,0,0,0,0
LATIN,1,3,"HENDRICKSON, T G  ",6,2,5,0,0,0,1,0,1,0,0,0,0
LATIN,100,1,"PEPPER, T W       ",1,5,4,3,1,1,0,0,0,0,0,0,0
LATIN,101,1,"SAILOR, D         ",1,3,5,1,0,1,1,1,1,0,0,0,0
LATIN,121,1,"MURPHY, T M       ",5,4,2,0,0,0,0,0,0,0,0,0,0
LD ARCH,101,1,"STILGENBAUER, J   ",2,12,1,0,0,0,0,0,0,0,0,0,0
LD ARCH,101,2,"EDWARDS, D H      ",0,6,3,1,1,0,0,0,0,0,0,0,0
LD ARCH,103,1,"SULLIVAN, C H     ",5,10,3,0,0,0,0,0,0,0,0,0,0
LD ARCH,110,1,"MCBRIDE, J R      ",2,6,8,9,8,3,0,3,0,0,0,0,0
LD ARCH,111,1,"STILGENBAUER, J   ",3,18,4,1,0,0,0,0,0,0,0,0,0
LD ARCH, 134B,1,"MEIL, G           ",1,3,9,2,0,0,0,0,0,0,0,0,0
LD ARCH,135,1,"SULLIVAN, C H     ",15,22,2,0,0,0,0,0,0,0,0,0,0
LD ARCH,170,1,"MOZINGO, L A      ",0,16,12,8,7,9,2,5,2,0,0,0,0
LD ARCH,C188,1,"RADKE, J D        ",5,3,7,3,0,1,0,0,0,0,0,0,2
LEGALST,103,1,"LIEBERMAN, D      ",0,7,5,8,9,8,3,3,1,0,0,0,0
LEGALST,105,1,"DAN-COHEN, M      ",0,16,16,22,12,12,4,6,0,0,0,0,1
LEGALST,116,1,"SHAPIRO, B J      ",1,5,4,3,4,3,1,4,2,0,0,0,2
LEGALST,147,1,"INGBERMAN, D E    ",0,3,7,11,16,9,8,3,1,0,1,0,0
LEGALST,151,1,"DAN-COHEN, M      ",0,23,13,13,15,8,0,1,2,0,0,0,0
LEGALST,155,1,"HOLLINGER, J H    ",0,13,6,11,12,8,12,10,3,0,0,0,0
LEGALST,177,1,"MCCLAIN, C J      ",0,14,3,4,32,2,2,16,0,0,5,0,6
LEGALST,179,1,"SHAPIRO, M M      ",0,9,9,14,17,9,4,4,0,0,0,0,1
LEGALST,184,1,"ALBISTON, C R     ",0,15,3,4,35,1,2,5,0,0,0,0,2
LEGALST,189,1,"ABRAMS, K R       ",4,5,5,8,11,12,7,7,5,0,0,0,1
LEGALST,190,1,"SHAPIRO, M M      ",0,15,4,7,3,4,1,3,2,0,1,0,10
LEGALST,190,2,"DAN-COHEN, M      ",0,8,4,0,0,0,0,0,0,0,0,0,0
LGBT,145,1,"ALFONSO, D R      ",0,8,11,5,1,0,2,0,0,0,0,0,0
LGBT,C147B,1,"ALFONSO, D R      ",0,3,9,5,5,0,0,0,2,0,1,0,0
LINGUIS,5,1,"HYMAN, L M        ",4,14,10,16,22,10,5,7,2,0,0,0,0
LINGUIS, 055AC,1,"WILKERSON, G R    ",0,24,30,10,2,0,0,0,0,2,0,0,0
LINGUIS,100,1,"MICHAEL, L D      ",0,13,14,23,21,3,4,3,2,1,0,0,1
LINGUIS,106,1,"SWEETSER, E E     ",0,4,1,2,4,3,0,2,2,0,0,0,2
LINGUIS,110,1,"JOHNSON, K A      ",4,6,6,7,11,13,13,4,2,2,0,0,0
LINGUIS,122,1,"GABY, A R         ",10,9,5,8,2,0,1,0,0,0,0,0,0
LINGUIS,130,1,"HOLLAND, G B      ",2,9,13,1,12,4,1,3,0,0,1,1,0
LINGUIS, 155AC,1,"RHODES, R A       ",2,4,6,4,5,2,0,2,1,0,0,0,0
LINGUIS,C001A,1,"MCHOMBO, S A      ",3,4,3,3,2,2,0,0,0,0,0,0,0
LINGUIS,C001A,2,"MCHOMBO, S A      ",1,2,7,1,1,0,0,0,0,0,0,0,0
LINGUIS,C104,1,"LAKOFF, G P       ",2,9,3,3,2,1,0,2,0,0,0,1,1
LINGUIS,C147,1,"GAHL, S           ",3,6,9,1,3,0,2,0,0,0,0,0,1
MALAY/I, 001A,1,"LUNDE, N K        ",2,6,3,0,0,0,0,0,0,0,0,0,0
MALAY/I, 100A,1,"LUNDE, N K        ",5,6,3,0,0,0,0,0,0,0,0,0,0
MASSCOM,10,1,"LEVINA, M         ",0,19,58,47,62,29,9,4,3,1,1,0,1
MASSCOM,102,1,"RETZINGER, J P    ",2,31,54,40,73,24,10,11,6,1,0,0,2
MASSCOM,130,1,"RETZINGER, J P    ",2,2,8,12,6,6,1,0,1,0,0,0,0
MASSCOM,180,1,"GALLOWAY, C S     ",0,4,12,17,8,7,0,1,0,0,0,0,0
MASSCOM,190,1,"GOLDSTEIN, T J    ",0,10,27,23,27,7,1,2,0,0,0,0,1
MASSCOM,190,2,"LEVINA, M         ",0,1,12,14,15,4,0,0,0,0,0,0,0
MAT SCI,102,1,"SASS, S L         ",5,7,9,10,9,5,6,5,6,1,1,0,0
MAT SCI,123,1,"WU, J             ",2,3,2,3,2,0,0,0,0,0,0,0,0
MAT SCI,130,1,"DUBON, O D        ",0,8,4,16,6,5,3,0,0,0,1,0,1
MAT SCI,C113,2,"RITCHIE, R O      ",1,7,4,8,10,2,3,3,1,0,2,0,0
MATH, 001A,1,"AGOL, I           ",0,41,63,29,45,38,48,23,37,8,7,1,4
MATH, 001A,2,"HALD, O H         ",0,75,24,14,28,16,20,17,16,0,21,0,8
MATH, 001A,3,"OLSSON, M C       ",6,46,30,27,61,52,38,47,24,13,18,4,12
MATH, 001B,1,"WILKENING, J A    ",15,40,31,38,43,36,38,53,0,0,25,0,17
MATH, 001B,2,"BERGMAN, G M      ",11,16,21,26,32,25,23,14,12,2,2,3,10
MATH, 016A,1,"DEMMEL, J W       ",21,23,28,37,35,30,21,20,11,0,25,0,23
MATH, 016A,2,"LAM, T Y          ",29,32,42,61,50,50,30,35,30,0,33,0,34
MATH, 016B,1,"HARRISON, V C     ",2,31,23,27,32,25,22,51,20,4,23,0,13
MATH,32,1,"MITCHELL, C M     ",2,24,9,8,22,10,5,24,5,0,1,0,2
MATH,53,1,"HUTCHINGS, M      ",11,57,65,59,70,36,38,27,12,12,7,6,5
MATH,53,2,"TELEMAN, C        ",8,28,40,50,37,38,15,13,6,3,1,0,7
MATH,53,3,"HUTCHINGS, M      ",3,5,9,8,6,7,5,3,0,1,0,1,2
MATH,54,1,"GRUNBAUM, F A     ",33,146,49,38,43,39,16,56,7,0,14,0,18
MATH,55,1,"HAIMAN, M         ",2,12,8,8,19,14,8,14,12,0,12,0,11
MATH,74,1,"CRISSMAN, C G     ",2,4,0,1,3,0,0,1,0,0,0,0,1
MATH,74,2,"PENNEYS, D S      ",1,5,0,2,1,1,0,0,0,0,0,0,1
MATH,104,1,"REIMANN, J S      ",2,2,8,8,5,2,3,1,1,1,0,0,0
MATH,104,2,"HALD, O H         ",2,3,2,7,9,6,1,0,2,0,0,0,0
MATH,104,3,"KLASS, M J        ",0,8,2,2,7,3,1,0,1,0,0,0,1
MATH,104,4,"SUSSAN, J         ",1,10,4,5,2,1,0,0,0,0,0,0,1
MATH,104,5,"PARKER, B D       ",2,1,5,1,4,0,0,2,0,0,2,0,1
MATH,110,1,"GUREVITCH, S      ",15,10,0,6,2,4,0,0,1,0,0,0,0
MATH,110,2,"ALDI, M           ",1,2,6,6,5,6,4,0,1,1,0,0,0
MATH,110,3,"OGUS, A E         ",1,1,3,5,6,6,4,0,0,0,1,0,1
MATH,110,4,"HERR, S           ",0,6,3,6,5,3,3,1,0,0,0,0,1
MATH,110,5,"RIBET, K A        ",2,6,3,4,4,3,2,4,2,0,1,0,2
MATH,110,6,"ZICKERT, C        ",2,4,0,2,10,0,2,2,0,0,1,1,2
MATH,113,1,"HILL, D E         ",0,5,1,0,2,3,0,3,1,0,4,0,5
MATH,113,2,"PELAYO, A         ",3,5,5,4,3,0,4,1,1,0,0,2,2
MATH,113,3,"VELASCO, M        ",1,7,5,6,3,1,1,4,1,0,5,0,3
MATH,113,4,"PELAYO, A         ",3,5,7,6,5,1,2,1,1,1,0,2,3
MATH,113,5,"KRA, I            ",0,12,0,0,9,0,0,2,1,0,0,0,0
MATH,115,1,"MOK, C            ",7,16,11,2,1,1,1,1,0,0,0,0,0
MATH, 121A,1,"NEU, J C          ",1,2,2,1,2,0,1,0,1,0,1,0,0
MATH, 121A,2,"SERGANOVA, V      ",2,2,2,5,6,0,0,2,1,0,0,0,0
MATH, 125A,1,"REIMANN, J S      ",1,5,5,3,9,3,0,2,1,0,0,0,5
MATH,127,1,"PACHTER, L        ",8,5,2,0,1,0,0,0,0,0,0,0,0
MATH, 128A,1,"GU, M             ",0,18,13,7,10,6,3,4,6,2,3,0,2
MATH,135,1,"KRUEGER, J E      ",0,6,0,0,9,0,0,5,0,0,3,0,2
MATH,142,1,"VELASCO, M        ",7,9,0,4,3,2,3,1,1,0,0,0,3
MATH,143,1,"EISENBUD, D       ",3,5,1,0,2,0,0,3,2,0,0,0,0
MATH,152,1,"WU, H H           ",1,10,4,0,1,2,0,0,0,0,0,0,0
MATH,185,1,"LIM, L            ",5,14,6,8,4,6,1,0,0,0,0,0,0
MATH,185,2,"ALDI, M           ",1,3,1,1,6,2,3,1,1,0,0,0,2
MATH,185,3,"ROSE, M           ",0,4,0,3,2,3,0,2,2,0,0,0,3
MATH,191,1,"HOLTZ, O V        ",0,8,2,1,0,0,0,0,0,0,0,0,0
MATH,H054,1,"PAULIN, A         ",1,3,3,4,3,3,4,5,4,0,7,0,0
MATH,H110,1,"BERGMAN, G M      ",0,1,2,2,2,1,0,2,0,1,0,0,0
MCB-BMB, 100B,1,"NIKAIDO, H        ",3,2,4,3,3,2,4,0,2,0,0,0,2
MCB-BMB,102,1,"THORNER, J W      ",5,40,55,55,49,43,44,69,28,0,21,0,10
MCB-BMB,110,1,"ALBER, T C        ",3,19,11,14,22,6,11,21,9,0,5,0,7
MCB-BMB, 110L,1,"DOUDNA CATE, J H  ",3,10,7,3,11,10,7,1,3,0,1,0,0
MCB-BMB,C100A,1,"KRANTZ, B A       ",7,30,17,1,32,19,11,16,4,0,6,0,2
MCB-BMB,C112,1,"RYAN, K R         ",0,11,10,5,9,3,6,5,2,0,0,0,1
MCB-BMB,C112L,1,"KOMEILI, A        ",0,1,3,1,2,3,1,0,1,0,0,0,0
MCB-BMB,C112L,2,"KOMEILI, A        ",0,2,0,2,5,1,1,0,0,0,0,0,0
MCB-CDB,32,1,"WURMSER, A E      ",8,33,50,35,47,19,35,40,16,0,14,0,1
MCB-CDB,130,1,"HEALD, R          ",3,39,31,39,37,28,23,25,24,0,31,0,5
MCB-CDB, 130L,1,"WELCH, M D        ",2,9,5,6,6,4,1,0,0,0,0,0,0
MCB-CDB, 130L,2,"WELCH, M D        ",2,5,2,4,2,3,1,1,2,0,0,0,0
MCB-CDB,132,1,"LUO, K            ",4,32,14,7,27,5,11,19,9,0,5,0,9
MCB-GEN,140,1,"URNOV, F D        ",5,19,5,13,17,8,6,10,4,0,4,0,4
MCB-GEN,C142,1,"AMACHER, S L      ",5,35,25,14,72,40,15,67,32,3,4,0,3
MCB-IMM,55,1,"BEATTY, R A       ",4,17,4,4,10,9,2,5,3,0,0,0,2
MCB-IMM,150,1,"WINOTO, A         ",3,17,11,21,23,5,5,9,4,0,2,0,4
MCB-IMM, 150L,1,"BEATTY, P R       ",1,7,5,3,10,5,1,1,1,0,0,0,0
MCB-NEU,64,1,"WERBLIN, F S      ",7,17,23,21,19,16,16,14,2,0,3,0,0
MCB-NEU,163,1,"POO, M            ",3,22,21,4,13,14,1,7,2,0,0,0,0
MCB-NEU,166,1,"LECAR, H          ",11,8,6,5,4,2,3,0,1,0,0,0,1
MCB-NEU,C062,1,"PRESTI, D E       ",1,52,42,41,44,15,14,3,1,0,4,0,3
MCB-NEU,C160,1,"KRAMER, R H       ",3,18,3,2,19,3,5,9,1,1,3,0,3
MEC ENG,101,1,"MCMAINS, S        ",1,6,9,4,3,5,0,1,4,0,0,0,0
MEC ENG,102,1,"KAZEROONI, H      ",21,50,11,5,1,0,0,0,0,0,0,0,0
MEC ENG,104,1,"TONGUE, B H       ",3,12,17,23,25,20,13,20,5,0,8,0,5
MEC ENG,105,1,"DIBBLE, R W       ",6,6,15,20,26,27,14,2,2,0,1,1,0
MEC ENG,106,1,"SAVAS, O          ",10,9,4,12,12,7,4,1,1,0,0,0,1
MEC ENG, 107A,1,"ANWAR, G          ",9,32,31,16,16,13,5,3,1,1,2,0,0
MEC ENG, 107B,1,"DIBBLE, R W       ",0,2,3,3,3,2,2,0,0,0,0,0,0
MEC ENG, 107B,2,"DIBBLE, R W       ",0,4,1,5,4,0,2,0,0,0,0,0,0
MEC ENG,109,1,"GREIF, R          ",3,12,15,18,36,14,12,8,2,1,0,0,0
MEC ENG,110,1,"YOUSSEFI, K K     ",0,15,10,10,7,1,0,0,0,0,0,0,0
MEC ENG,119,1,"LIN, L            ",1,13,10,16,7,4,3,3,1,1,1,0,0
MEC ENG,132,1,"BORRELLI, F       ",4,8,6,11,9,9,4,3,0,0,0,0,2
MEC ENG,134,1,"HEDRICK, J K      ",8,3,3,2,1,2,0,2,1,0,0,0,0
MEC ENG,140,1,"FERNANDEZ-PELLO, C",4,11,8,7,6,3,3,2,0,0,0,0,0
MEC ENG,175,1,"O'REILLY, O M     ",0,4,7,5,3,2,3,0,1,0,0,0,0
MEC ENG,185,1,"PAPADOPOULOS, P   ",4,17,7,4,1,2,2,0,0,0,0,0,1
MEC ENG,C085,1,"PAPADOPOULOS, P   ",2,3,2,5,4,11,5,4,0,2,0,0,5
MEC ENG,C124,1,"DHARAN, H         ",0,11,9,7,2,0,0,0,0,0,0,0,0
MEC ENG,C124,2,"RITCHIE, R O      ",1,8,8,7,7,5,6,3,0,0,0,0,1
MEC ENG,C176,1,"KEAVENY, T M      ",0,3,6,3,3,2,2,1,0,0,0,0,0
MIL AFF,1,1,"FEE, D M          ",9,9,2,2,0,0,0,0,0,0,0,0,0
MIL AFF, 145A,1,"STONE, B E        ",0,7,10,1,4,0,0,0,0,0,0,0,0
MIL SCI,100,1,"FEE, D M          ",1,11,0,5,3,0,0,1,0,0,0,0,0
MUSIC, 020A,1,"CHISHOLM, L       ",2,7,8,4,2,2,0,0,0,0,1,0,0
MUSIC, 020A,2,"VAJJHALA, R       ",4,11,6,2,3,0,0,0,1,0,0,0,0
MUSIC, 020A,3,"COLL, D C         ",6,14,5,0,0,0,0,0,0,0,0,0,0
MUSIC, 020A,5,"BRAUNSCHWEIG, M   ",0,9,6,1,3,0,0,0,2,0,0,0,3
MUSIC, 020B,1,"CURRAN, S         ",5,6,1,2,3,0,0,0,0,0,0,0,0
MUSIC, 025A,1,"LOPEZ BELLIDO, J  ",0,6,6,2,4,0,0,2,0,0,0,0,0
MUSIC, 025A,2,"BULTMANN, N       ",1,14,6,0,2,2,0,0,0,0,0,0,0
MUSIC, 026AC,1,"BRINNER, B E      ",10,78,86,31,22,16,1,2,0,0,1,0,0
MUSIC,27,1,"MATHEW, N         ",19,104,60,30,18,6,9,3,2,0,0,0,0
MUSIC, 049A,1,"DAVIES, J         ",2,5,18,10,10,3,0,0,0,0,0,0,0
MUSIC, 049B,1,"ORLAND, M S       ",0,2,7,2,0,1,0,0,0,0,0,0,0
MUSIC, 049C,1,"PEREIRA, D        ",0,4,8,1,3,1,0,0,0,0,0,0,0
MUSIC, 049C,2,"CULLEN, D         ",4,7,2,1,2,1,0,0,0,0,0,0,0
MUSIC,50,1,"ORLAND, M S       ",0,2,2,2,6,0,0,1,0,0,0,0,0
MUSIC,51,1,"DANA, C L         ",0,4,4,2,2,2,0,0,0,0,0,0,0
MUSIC,51,2,"ORLAND, M S       ",0,1,4,2,5,2,0,1,0,0,0,0,0
MUSIC,60,1,"VASSILANDONAKIS, Y",2,4,5,1,0,0,0,0,0,0,0,0,1
MUSIC,61,1,"PEREIRA, D        ",0,3,5,4,1,2,0,0,0,0,0,0,0
MUSIC,61,2,"PEREIRA, D        ",0,1,4,4,1,1,1,0,0,0,0,0,1
MUSIC,74,1,"GOLD, L R         ",1,7,1,2,0,0,0,0,0,0,0,0,0
MUSIC,74,2,"MARK, L L         ",14,10,6,1,3,0,3,0,0,0,0,0,0
MUSIC,76,1,"TARUSKIN, R       ",0,4,11,9,7,3,4,3,3,0,1,0,3
MUSIC, 128A,1,"DAVIES, J         ",1,4,12,6,2,1,1,0,0,0,0,0,0
MUSIC, 128Q,1,"SMART, M          ",2,6,7,5,0,0,1,0,1,0,0,0,0
MUSIC, 128S,1,"MELFORD, M J      ",1,16,5,3,1,0,0,0,0,0,0,0,0
MUSIC,139,1,"GOLD, L R         ",3,11,4,0,2,1,1,0,0,0,0,0,0
MUSIC,140,2,"MIDIYANTO, M      ",0,24,0,0,0,0,0,1,0,0,1,0,0
MUSIC,141,1,"MILNES, D         ",11,48,0,0,0,0,0,0,0,0,0,0,0
MUSIC,143,1,"WILSON, D M       ",20,60,1,1,1,0,0,0,0,0,0,0,0
MUSIC,144,1,"KUZMA, M C        ",5,34,7,0,0,1,0,0,0,0,0,0,0
MUSIC,148,1,"LADZEKPO, C K     ",1,103,0,0,0,0,0,0,0,0,0,0,2
MUSIC,149,1,"MORONEY, D        ",1,13,0,0,0,0,0,0,0,0,0,0,0
MUSIC, 150A,1,"MILNES, D         ",6,12,1,0,0,0,0,0,0,0,0,0,0
MUSIC, 150C,1,"MORONEY, D        ",4,14,2,1,0,0,0,0,0,0,0,0,0
MUSIC, 154A,1,"VASSILANDONAKIS, Y",1,18,0,0,0,0,0,0,0,0,0,0,0
MUSIC,155,1,"UENO, K           ",0,7,5,1,1,1,0,0,0,0,0,0,0
MUSIC, 157A,1,"COX, C            ",0,10,5,4,1,0,1,0,0,0,0,0,0
MUSIC, 171D,1,"MORONEY, D        ",3,6,0,4,0,0,0,0,1,0,0,0,0
NATAMST, 020A,1,"PEARSON, D J      ",0,11,9,3,0,0,1,0,0,0,0,0,2
NATAMST,71,1,"SHIVELY, J        ",1,19,7,1,0,0,0,0,0,0,0,0,0
NATAMST,90,1,"PEARSON, D J      ",0,1,4,3,2,5,3,2,1,0,1,0,2
NATAMST,100,1,"MYERS, J A        ",0,4,4,4,0,0,0,0,0,0,1,0,0
NATAMST,120,1,"SHIVELY, J        ",1,9,3,0,1,1,0,0,0,0,0,0,0
NATAMST,149,1,"PEARSON, D J      ",1,11,7,0,0,0,0,0,0,0,0,0,0
NATAMST,158,1,"SHIVELY, J        ",0,19,3,5,4,0,1,0,0,0,0,0,0
NATAMST, 178AC,1,"SATTWA, A         ",16,10,2,0,0,0,0,0,0,0,0,0,0
NATAMST,C152,1,"PIATOTE, B        ",0,9,7,4,4,0,1,0,0,0,0,0,1
NATAMST,R001A,1,"RICHARDS, K R     ",16,8,8,0,0,0,0,0,0,0,0,0,0
NAV SCI,1,1,"LAIRD, P A        ",0,10,3,0,0,0,0,0,0,0,0,0,0
NAV SCI,3,1,"SORENSON, J H     ",0,10,10,4,3,0,0,0,0,0,0,0,0
NE STUD,10,1,"HAYES, J L        ",0,20,17,6,9,0,0,3,1,0,3,0,2
NE STUD,18,1,"REDMOUNT, C A     ",26,54,16,8,8,2,1,0,0,1,0,0,0
NE STUD,24,1,"REDMOUNT, C A     ",0,16,0,0,1,0,0,0,0,0,0,0,0
NE STUD,24,2,"SIDDIQ, M         ",2,6,3,0,0,0,0,0,0,0,0,0,0
NE STUD,132,1,"HENDEL, R S       ",0,6,0,3,5,1,1,1,0,0,1,0,0
NE STUD, 143A,1,"ALGAR, H          ",0,6,7,4,4,3,2,8,1,0,0,0,0
NE STUD,175,1,"AHMADI, S         ",4,23,6,5,3,0,0,1,0,0,0,0,1
NE STUD, 190E,1,"S'HIRI, S         ",4,12,2,2,0,0,0,0,0,0,0,0,1
NE STUD,R001A,1,"LOEPP, D E        ",0,20,3,0,2,0,0,0,0,0,0,0,0
NUC ENG, 039A,1,"VUJIC, J L        ",5,15,7,0,1,0,0,0,0,0,1,0,0
NUC ENG,101,1,"NORMAN, E B       ",1,7,4,6,2,6,1,3,0,2,0,0,0
NUC ENG,107,1,"VETTER, K         ",0,2,5,3,2,1,2,2,0,0,0,0,1
NUC ENG,120,1,"WIRTH, B D        ",1,5,6,4,3,1,0,1,2,1,0,0,0
NUC ENG,124,1,"AHN, J            ",2,4,4,3,3,1,1,2,0,0,0,0,0
NUC ENG,161,1,"BERGER, R E       ",0,5,2,2,1,3,1,0,0,0,0,0,0
NUC ENG,180,1,"MORSE, E C        ",0,14,0,0,6,0,0,0,0,0,0,0,0
NUSCTX,10,1,"SHANE, B          ",31,291,100,60,93,19,11,18,4,1,3,0,5
NUSCTX,103,1,"FLEMING, S        ",6,17,18,14,28,14,13,9,0,0,8,0,1
NUSCTX,106,1,"DE LUMEN, B O     ",1,39,5,10,34,16,11,12,0,0,0,0,0
NUSCTX,107,1,"MCCOIN, M C       ",8,13,3,0,1,0,0,0,0,0,0,0,0
NUSCTX,110,1,"BJELDANES, L F    ",1,27,10,21,20,3,1,4,2,0,0,0,1
NUSCTX,150,1,"NAPOLI, J L       ",1,10,5,6,12,5,5,8,0,0,0,0,0
NUSCTX, 161A,1,"MEAD, M S         ",0,4,6,4,4,3,0,5,1,0,0,0,0
NUSCTX,166,1,"CRAWFORD, P A     ",2,18,15,11,7,2,1,2,1,0,0,0,0
NUSCTX,171,1,"BJELDANES, L F    ",1,8,1,5,11,0,0,2,0,0,0,0,0
NUSCTX,190,1,"DE LUMEN, B O     ",2,13,2,0,0,0,0,0,0,0,0,0,0
NUSCTX,192,1,"MEAD, M S         ",3,16,6,2,0,0,0,0,0,0,0,0,0
PACS,10,1,"GIOVANNINI, F     ",6,54,49,25,13,2,0,0,0,0,0,0,0
PACS,119,1,"GIOVANNINI, F     ",2,20,18,1,1,1,0,1,0,0,0,0,0
PACS, 125AC,1,"SANDERS, J W      ",0,11,8,30,23,17,4,2,0,0,0,0,2
PACS,126,1,"SHACKFORD-BRADLEY,",0,9,8,10,9,6,2,2,0,0,0,0,1
PACS,135,1,"NICHOLLS, C I     ",0,10,26,4,0,0,0,0,0,0,0,0,0
PACS,149,1,"SANDERS, J W      ",1,3,4,6,10,8,3,2,1,2,0,0,2
PACS, 164A,1,"AZEVEDO, A        ",10,17,10,6,1,0,0,0,0,0,0,0,0
PACS,170,1,"SHACKFORD-BRADLEY,",1,6,11,12,4,1,0,0,0,0,0,0,0
PB HLTH,14,1,"GRIEGO, B         ",0,77,29,23,25,0,2,1,0,0,0,0,1
PB HLTH,105,1,"GRIEGO, B         ",0,18,4,0,0,0,0,0,0,0,0,0,0
PB HLTH,107,1,"KODAMA, C J       ",1,4,19,4,2,2,1,0,0,1,0,0,1
PB HLTH,142,1,"SELVIN, S         ",10,104,87,65,10,1,4,0,0,0,0,0,0
PB HLTH, 150D,1,"HUNG, D           ",2,18,44,21,14,8,3,3,0,1,0,1,0
PB HLTH, 162A,1,"CASTEEL, M J      ",0,129,0,0,66,0,0,13,0,0,4,0,1
PB HLTH, 162L,1,"LORETZ, K         ",0,3,1,1,7,1,1,0,2,0,0,0,0
PB HLTH, 162L,2,"LORETZ, K         ",0,3,1,3,8,1,1,0,0,0,0,0,0
PB HLTH, 162L,3,"LORETZ, K         ",0,3,2,2,7,2,0,1,0,0,0,0,0
PB HLTH, 162L,4,"LORETZ, K         ",0,5,0,2,6,2,1,1,0,0,0,0,0
PB HLTH, 162L,5,"LORETZ, K         ",0,3,2,2,8,1,0,1,0,0,0,0,0
PB HLTH, 162L,6,"LORETZ, K         ",0,4,2,5,1,0,0,3,1,0,1,0,0
PB HLTH,180,1,"POTTS, D M        ",0,14,13,4,9,7,10,1,2,0,0,0,0
PB HLTH,181,1,"POTTS, D M        ",4,74,22,10,5,1,0,0,0,1,0,0,0
PB HLTH,183,1,"HOOK, E B         ",4,0,2,0,3,1,0,1,0,0,0,0,1
PB HLTH,C160,1,"MORELLO-FROSCH, R ",0,7,9,3,1,2,0,0,0,0,0,0,1
PERSIAN, 001A,1,"ALAVI, S          ",4,8,1,1,1,0,0,0,0,0,0,0,1
PERSIAN, 011A,1,"DAVARAN, F        ",7,1,4,1,0,0,0,0,0,0,0,0,0
PERSIAN, 100A,1,"PIRNAZAR, J       ",2,10,2,0,0,0,0,0,0,0,0,0,0
PERSIAN, 101A,1,"PIRNAZAR, J       ",4,13,6,1,1,0,0,0,0,0,0,0,0
PHILOS,2,1,"SLUGA, H D        ",0,14,22,28,25,8,6,7,2,0,0,0,1
PHILOS,4,1,"ROUSH, S M        ",0,8,8,11,10,9,3,2,3,0,0,0,1
PHILOS,6,1,"DREYFUS, H L      ",0,22,38,37,34,4,4,1,0,0,0,0,4
PHILOS, 012A,1,"FITELSON, B E     ",14,27,36,19,10,12,9,6,7,0,0,1,5
PHILOS, 025A,1,"EBREY, D B        ",0,5,27,57,58,21,10,5,5,2,0,0,3
PHILOS,100,1,"BUCHAK, L         ",0,4,15,12,13,3,0,2,0,2,0,0,0
PHILOS,104,1,"GLASGOW, J M      ",0,7,24,25,12,7,2,4,0,0,0,0,0
PHILOS,109,1,"WALLACE, R J      ",0,2,14,15,9,9,4,0,0,0,0,0,2
PHILOS,135,1,"CAMPBELL, J J     ",0,10,17,21,18,10,1,0,0,0,0,0,2
PHILOS,138,1,"SEARLE, J R       ",1,12,17,19,5,3,2,0,0,0,0,0,2
PHILOS,142,1,"FITELSON, B E     ",8,4,1,9,0,1,0,3,0,1,0,0,2
PHILOS,178,1,"WARREN, D M       ",0,6,9,11,7,8,3,0,0,0,0,0,2
PHILOS,189,1,"DREYFUS, H L      ",1,6,11,3,1,1,0,0,0,0,0,0,0
PHILOS,C132,1,"SEARLE, J R       ",0,12,26,38,23,3,0,0,0,0,0,0,0
PHYS ED,1,19,"MAR, T L          ",0,10,1,0,1,0,0,1,0,0,0,0,0
PHYS ED,1,35,"LEE, E M          ",0,5,5,0,1,0,0,0,0,0,0,0,0
PHYS ED,1,36,"AHN, R C          ",0,5,2,3,0,0,0,0,0,0,0,0,1
PHYS ED,2,4,"RORK, L H         ",0,6,5,0,0,0,0,1,0,0,0,0,0
PHYS ED,2,8,"BRITTON, J E      ",0,6,0,0,6,0,0,1,0,0,0,0,0
PHYS ED,2,12,"MAR, T L          ",0,13,0,0,1,0,0,0,0,0,0,0,0
PHYS ED,2,14,"AHN, R C          ",0,6,0,2,2,1,0,0,0,0,0,0,1
PHYS ED,3,11,"MORRIS, R A       ",2,7,0,2,0,0,0,0,0,0,0,0,0
PHYS ED,3,13,"MORRIS, R A       ",3,8,0,0,0,0,0,0,0,0,0,0,0
PHYS ED,4,4,"RORK, L H         ",0,5,2,3,0,0,0,1,0,0,0,0,0
PHYS ED,11,5,"SCOTT, M K        ",0,16,8,9,6,0,2,0,1,0,0,0,0
PHYS ED,11,6,"SCOTT, M K        ",0,18,5,10,5,0,2,0,1,0,0,0,0
PHYS ED,11,7,"SCOTT, M K        ",0,6,10,0,0,0,0,0,0,0,0,0,0
PHYS ED,11,8,"SCOTT, M K        ",0,6,10,0,0,0,0,0,0,0,0,0,0
PHYS ED,11,9,"SCOTT, M K        ",0,82,0,1,0,0,0,1,0,0,0,0,0
PHYS ED,11,10,"SCOTT, M K        ",0,83,0,1,0,0,0,1,0,0,0,0,0
PHYS ED,11,13,"SCOTT, M K        ",0,8,5,1,0,0,0,0,0,0,0,0,0
PHYS ED,11,14,"SCOTT, M K        ",0,7,5,2,0,0,0,0,0,0,0,0,0
PHYS ED,11,15,"SCOTT, M K        ",0,22,4,0,0,0,0,0,0,0,0,0,0
PHYS ED,11,16,"SCOTT, M K        ",0,22,4,0,0,0,0,0,0,0,0,0,0
PHYS ED,11,19,"SCOTT, M K        ",0,15,0,0,0,1,0,0,0,0,0,0,0
PHYS ED,11,20,"SCOTT, M K        ",0,15,0,0,0,1,0,0,0,0,0,0,0
PHYS ED,11,21,"SCOTT, M K        ",0,11,7,0,0,0,0,0,0,0,0,0,0
PHYS ED,11,22,"SCOTT, M K        ",0,11,7,0,0,0,0,0,0,0,0,0,0
PHYS ED,11,23,"SCOTT, M K        ",0,10,29,0,0,0,0,0,0,0,0,0,0
PHYS ED,11,24,"SCOTT, M K        ",0,10,29,0,0,0,0,0,0,0,0,0,0
PHYS ED,11,25,"SCOTT, M K        ",0,258,75,3,2,0,0,7,1,0,0,0,4
PHYS ED,11,26,"SCOTT, M K        ",0,257,75,3,2,0,0,8,1,0,0,0,3
PHYS ED,12,1,"SCOTT, M K        ",0,10,0,0,1,0,0,0,0,0,0,0,0
PHYS ED,12,2,"SCOTT, M K        ",0,10,0,0,1,0,0,0,0,0,0,0,0
PHYS ED,12,3,"SCOTT, M K        ",0,38,1,0,0,1,0,0,0,0,0,0,0
PHYS ED,12,4,"SCOTT, M K        ",0,39,1,0,0,1,0,0,0,0,0,0,0
PHYS ED,12,13,"SCOTT, M K        ",0,12,0,2,0,2,1,1,0,0,0,0,0
PHYS ED,12,14,"SCOTT, M K        ",0,11,0,2,0,2,1,1,0,0,0,0,0
PHYS ED,12,17,"SCOTT, M K        ",0,12,0,2,0,0,0,0,0,0,0,0,0
PHYS ED,12,18,"SCOTT, M K        ",0,12,0,2,0,0,0,0,0,0,0,0,0
PHYS ED,12,19,"SCOTT, M K        ",0,23,3,0,0,0,0,0,0,0,0,0,0
PHYS ED,12,20,"SCOTT, M K        ",0,22,3,0,0,0,0,0,0,0,0,0,0
PHYS ED,12,23,"SCOTT, M K        ",0,21,5,0,0,0,0,0,0,0,0,0,0
PHYS ED,12,24,"SCOTT, M K        ",0,21,5,0,0,0,0,0,0,0,0,0,0
PHYS ED,12,27,"SCOTT, M K        ",0,30,0,0,1,0,0,0,0,0,0,0,0
PHYS ED,12,28,"SCOTT, M K        ",0,30,0,0,1,0,0,0,0,0,0,0,0
PHYS ED,12,29,"SCOTT, M K        ",0,211,12,3,0,0,0,9,0,0,0,0,0
PHYS ED,12,30,"SCOTT, M K        ",0,211,12,3,0,0,0,9,0,0,0,0,1
PHYS ED,32,1,"JOHANNESSEN, S    ",0,6,8,6,9,3,1,2,2,1,0,1,1
PHYS ED,C165,1,"SCOTT, M K        ",0,6,2,2,3,0,0,0,0,0,0,0,0
PHYSICS, 007A,1,"SPELIOTOPOULOS, A ",2,27,25,14,48,15,9,27,16,0,0,0,13
PHYSICS, 007A,2,"LANZARA, A        ",7,20,27,22,37,19,12,21,22,3,3,3,7
PHYSICS, 007B,1,"HUANG, X          ",6,28,20,27,43,14,27,16,8,0,3,0,4
PHYSICS, 007B,2,"CHARMAN, A        ",2,9,13,15,7,11,10,3,4,0,3,0,3
PHYSICS, 007B,3,"SMOOT, G F        ",13,14,17,25,31,24,17,22,9,0,7,0,7
PHYSICS, 007C,2,"BOBKOV, K         ",5,13,4,12,13,9,5,10,5,0,5,0,1
PHYSICS, 008A,1,"FAJANS, J         ",18,26,27,36,37,40,27,32,4,2,3,0,3
PHYSICS, 008A,2,"JACOBSEN, R G     ",3,48,48,62,37,36,18,30,9,0,0,0,1
PHYSICS, 008B,1,"SHAPIRO, M D      ",3,17,7,13,15,7,12,4,3,0,0,0,1
PHYSICS, 008B,2,"DEWEESE, M R      ",10,129,49,38,20,13,6,5,3,0,0,0,3
PHYSICS,105,2,"WHITE, M          ",4,6,6,5,7,9,4,7,3,2,1,1,0
PHYSICS, 110A,1,"SUZUKI, M         ",1,6,10,11,6,4,6,4,0,0,1,0,2
PHYSICS, 110A,2,"CROMMIE, M        ",1,7,4,5,8,2,2,6,2,0,0,0,1
PHYSICS, 110B,1,"STROVINK, M W     ",2,4,5,2,1,2,0,2,1,0,1,0,0
PHYSICS,111,1,"HOLZAPFEL, W      ",10,20,11,0,10,0,0,2,1,0,0,0,0
PHYSICS,111,2,"STAMPER-KURN, D M ",0,4,11,7,2,3,1,1,0,0,0,0,3
PHYSICS,112,1,"SOUZA, I N        ",6,9,2,2,6,4,0,3,0,0,0,0,1
PHYSICS,129,1,"GAILLARD, M K     ",1,4,2,5,2,1,0,0,0,0,0,0,0
PHYSICS, 137A,1,"QIU, Z Q          ",5,12,10,15,14,8,0,8,0,0,3,1,1
PHYSICS, 137A,2,"QIU, Z Q          ",3,3,5,6,5,5,0,6,1,0,0,0,4
PHYSICS, 137B,1,"LEE, D            ",5,4,3,7,6,4,3,4,1,0,0,0,5
PHYSICS, 141A,1,"CLARKE, J         ",15,20,7,7,4,7,1,4,0,0,0,0,1
PHYSICS,C010,1,"MULLER, R A       ",9,35,32,32,37,25,11,18,19,0,0,0,5
PHYSICS,H007A,1,"ENGLISH, D        ",1,14,7,9,12,5,2,0,0,0,0,0,1
PHYSICS,H007B,4,"SIDDIQI, I        ",3,5,4,4,4,5,0,2,0,0,0,0,2
PHYSICS,H007C,1,"WANG, F           ",1,10,11,10,5,1,2,0,0,0,0,0,0
PLANTBI,10,1,"STASKAWICZ, B J   ",5,23,3,10,5,3,0,2,3,0,0,0,0
PLANTBI,110,1,"TAYLOR, J W       ",1,6,2,3,2,1,2,1,1,0,0,0,2
PLANTBI, 110L,2,"BRUNS, T D        ",1,3,2,1,1,1,2,1,1,0,0,0,0
PLANTBI,135,1,"MELIS, A          ",0,9,4,3,2,1,3,0,1,0,0,2,0
PLANTBI,150,1,"LUAN, S           ",0,5,4,6,5,1,2,1,2,0,0,0,0
PLANTBI, 150L,1,"LUAN, S           ",0,10,5,3,0,0,0,0,0,0,0,0,0
PLANTBI,185,1,"RUZIN, S E        ",0,7,7,5,6,3,4,2,0,1,0,0,1
PLANTBI,C107,1,"SPECHT, C D       ",2,4,1,0,5,0,0,1,0,0,0,0,0
PLANTBI,C107L,1,"SPECHT, C D       ",2,4,1,0,4,0,0,1,0,0,0,0,0
PLANTBI,C112,1,"RYAN, K R         ",1,5,2,4,9,7,7,7,8,1,1,1,2
PLANTBI,C112L,1,"KOMEILI, A        ",0,1,1,1,8,1,0,1,0,0,0,0,0
PLANTBI,C112L,2,"KOMEILI, A        ",1,2,2,0,4,2,0,2,1,0,0,0,0
PLANTBI,C116,1,"COATES, J D       ",0,0,4,0,2,4,0,4,1,0,0,0,3
POL SCI,1,1,"SCHICKLER, E      ",5,80,73,58,57,30,14,18,2,0,2,2,4
POL SCI,2,1,"PRICE, R M        ",2,48,127,114,83,44,24,22,7,1,1,0,2
POL SCI,3,1,"GAILMARD, S P     ",10,85,26,23,75,13,11,25,5,2,3,0,12
POL SCI,5,1,"GUROWITZ, A       ",1,24,31,45,28,12,10,10,2,1,1,1,3
POL SCI,103,1,"VAN HOUWELING, R P",3,9,12,8,11,4,2,2,3,0,0,0,0
POL SCI,104,1,"KAROL, D          ",1,14,2,8,8,4,4,3,1,0,0,0,1
POL SCI, 106A,1,"SCHNUR, D         ",0,30,13,12,2,0,1,0,0,0,0,0,0
POL SCI, 112A,1,"STIMSON, S C      ",0,7,14,7,18,3,2,1,1,0,0,0,2
POL SCI, 112D,1,"THOMAS, D P       ",0,6,23,8,2,1,0,0,0,0,0,0,0
POL SCI, 122A,1,"ZIEGLER, J N      ",0,13,12,8,6,1,1,0,0,0,0,0,0
POL SCI, 124A,1,"HASSNER, R E      ",5,87,33,20,11,3,0,1,2,0,0,0,0
POL SCI, 137A,1,"GREGOR, A J       ",2,45,55,37,27,17,13,7,8,2,2,2,1
POL SCI, 140R,1,"ROY, O P          ",0,8,7,5,10,2,4,2,2,0,0,0,2
POL SCI, 141C,1,"WITTENBERG, J     ",0,6,9,5,5,10,3,3,0,3,1,0,2
POL SCI, 144B,1,"LEE, H Y          ",3,19,19,26,15,4,1,1,0,0,0,0,3
POL SCI, 146A,1,"ARRIOLA, L R      ",0,7,8,16,13,2,0,0,1,0,0,0,0
POL SCI, 147G,1,"LEVY, J D         ",0,18,13,11,1,2,2,3,0,0,0,0,2
POL SCI, 148A,1,"COLLIER, R B      ",0,8,11,8,6,11,4,1,1,0,1,0,0
POL SCI, 149B,1,"WITTENBERG, J     ",0,6,7,9,7,5,3,4,1,0,0,0,2
POL SCI, 149E,1,"ZOOK, D C         ",1,40,34,16,3,0,0,0,0,0,0,0,1
POL SCI, 157A,1,"SILVERSTEIN, G    ",0,7,22,21,19,10,10,4,1,1,0,1,4
POL SCI,161,1,"SHANKS, J M       ",3,7,3,3,1,1,0,0,0,0,0,0,1
POL SCI, 164A,1,"STOKER, L         ",2,22,19,19,15,11,9,5,2,0,0,0,5
POL SCI,181,1,"ANSELL, C K       ",0,12,18,14,10,2,0,2,0,0,0,0,0
POL SCI,191,1,"BIMES, T L        ",0,3,7,4,3,2,0,0,0,0,0,0,0
POL SCI,191,2,"FISH, M S         ",0,8,6,1,0,0,0,0,0,0,0,0,0
POL SCI,191,3,"DITTMER, L        ",0,4,6,4,0,0,0,0,0,0,0,0,0
POL SCI,C135,1,"POWELL, R L       ",0,23,9,16,10,13,6,9,5,0,1,0,4
POL SCI,C196W,1,"CLARK, J F        ",0,11,4,0,0,0,0,0,0,0,0,0,0
POLECIS,100,1,"KARRAS, A L       ",0,9,19,20,50,21,8,12,4,0,1,0,0
POLECIS,101,1,"PEARSON, H D      ",1,20,28,29,25,16,15,11,5,2,0,0,1
POLECIS,130,1,"ZIEGLER, J N      ",0,4,4,2,0,0,0,1,0,0,0,0,0
POLECIS,150,1,"BAILEY, S         ",0,9,2,2,2,1,0,0,1,0,0,0,0
POLECIS,150,2,"LANDFRIED, C      ",3,5,0,6,1,0,0,0,0,0,0,0,0
POLECIS,150,3,"FREEMAN, L        ",0,3,9,7,0,0,0,0,0,0,0,0,0
PORTUG,11,1,"AZEVEDO, O        ",0,7,2,2,1,1,0,0,0,0,0,0,1
PORTUG, 101A,1,"BRITTO DE QUEIROZ,",8,2,2,1,4,2,0,0,0,0,0,0,1
PORTUG, 101A,2,"HONG, M L         ",0,13,2,1,2,0,1,0,0,0,1,0,0
PORTUG, 101A,3,"ZUNGUZE, J        ",1,11,0,1,1,0,1,0,0,0,0,0,0
PORTUG, 101B,1,"KANEYASU MARANHAO,",10,8,3,3,0,0,0,0,0,0,0,0,1
PORTUG, 101B,2,"KANEYASU MARANHAO,",4,9,2,3,2,0,0,0,0,0,0,0,0
PORTUG,102,1,"DONOVAN, C F      ",0,8,1,3,4,1,0,0,0,0,0,0,0
PORTUG,103,1,"DONOVAN, C F      ",0,11,2,2,0,1,0,0,0,0,0,0,0
PORTUG,113,1,"SLATER, C         ",0,5,5,1,3,0,0,1,0,0,0,0,0
PORTUG,135,1,"MARTINHO, A       ",2,2,6,2,0,0,0,0,0,0,0,0,0
PSYCH,1,1,"STAIR, C          ",17,166,119,55,54,30,19,9,8,4,2,1,3
PSYCH,2,1,"MENDOZA-DENTON, R ",15,61,32,19,19,9,5,6,1,0,0,0,0
PSYCH,2,2,"MENDOZA-DENTON, R ",34,42,14,16,13,6,5,3,0,2,0,0,0
PSYCH,24,5,"MENDELSOHN, G A   ",3,10,0,0,0,0,0,0,0,0,0,0,0
PSYCH,101,1,"THEUNISSEN, F E   ",7,30,35,16,35,18,15,22,8,0,7,0,3
PSYCH,107,1,"ROSCH, E H        ",6,206,11,3,1,0,0,0,0,0,0,0,0
PSYCH,110,1,"WALLIS, J D       ",5,9,15,21,21,14,8,8,3,0,1,4,4
PSYCH,119,1,"PRESTI, D E       ",0,35,25,21,21,5,4,4,1,0,2,0,3
PSYCH,125,1,"BUNGE, S A        ",2,7,5,2,1,3,0,0,1,0,0,0,0
PSYCH,130,1,"KRING, A          ",0,75,39,32,30,8,4,2,1,0,0,0,0
PSYCH,133,1,"HARVEY, A G       ",1,54,49,29,38,3,1,0,1,0,0,1,1
PSYCH,140,1,"GOPNIK, A         ",0,26,35,33,24,10,1,3,1,0,1,0,2
PSYCH,141,1,"CAMPOS, J         ",48,5,5,1,0,1,0,0,0,0,1,0,0
PSYCH,150,1,"JOHN, O P         ",38,91,21,16,11,8,2,0,5,1,0,0,4
PSYCH,156,1,"KELTNER, D        ",2,95,24,23,139,4,8,31,2,0,3,0,2
PSYCH,160,1,"CHEN, S           ",9,42,35,24,38,12,10,4,1,2,1,1,3
PSYCH,168,1,"AYDUK, O N        ",11,7,1,0,1,0,0,0,0,0,0,0,0
PSYCH,192,1,"NEMETH, C J       ",0,6,6,6,5,1,0,0,0,0,0,0,0
PSYCH,C113,1,"KRIEGSFELD, L J   ",1,6,0,5,0,0,2,1,0,0,0,0,0
PSYCH,C115B,1,"CALDWELL, R L     ",1,9,2,1,2,1,1,7,0,0,0,0,1
PSYCH,C120,1,"PRINZMETAL, W     ",4,15,7,6,17,5,6,5,0,0,0,0,1
PSYCH,C123,1,"GRIFFITHS, T      ",3,3,4,1,2,0,1,2,0,0,0,0,0
PSYCH,C126,1,"PALMER, S E       ",2,3,5,7,5,9,4,5,2,2,1,1,5
PSYCH,C127,1,"IVRY, R           ",1,5,5,6,26,1,1,6,1,0,1,0,1
PUB POL,101,1,"MAULDON, J        ",4,20,33,17,7,0,1,0,0,0,0,0,0
PUB POL,182,1,"TAYLOR, M R       ",0,13,2,0,0,0,0,0,0,0,0,0,0
PUB POL,190,1,"FARHANG, S        ",2,28,12,6,1,0,3,1,0,0,0,0,1
PUB POL,190,12,"DAYONOT, T M      ",0,5,33,11,3,0,0,0,0,0,0,0,0
RELIGST, 090A,1,"GRAVES, M         ",1,27,19,8,14,2,2,3,0,0,1,0,0
RELIGST,190,2,"ELM, S            ",0,4,6,4,0,0,0,0,0,0,0,0,0
RELIGST,C109,1,"REJHON, A C       ",1,6,3,2,0,0,0,0,0,0,0,0,0
RELIGST,C124,1,"DANDELET, T       ",0,3,3,5,7,2,2,0,0,0,0,0,1
RELIGST,C165,1,"GOLDMAN, R P      ",3,14,21,8,3,1,0,0,0,0,0,0,1
RHETOR,10,1,"CARRICO, D N      ",1,22,19,17,14,7,1,2,0,0,0,0,2
RHETOR,20,1,"WINTROUB, A M     ",0,28,31,24,9,1,0,0,0,0,0,0,0
RHETOR, 103A,1,"MELIA, D F        ",0,14,19,7,13,8,7,1,2,1,2,0,5
RHETOR,110,1,"GUTTERRIEZ, F R   ",0,7,11,8,0,0,0,0,0,0,0,0,0
RHETOR,119,1,"GUTTERRIEZ, F R   ",0,8,8,1,0,0,0,0,0,0,0,0,0
RHETOR,119,2,"JONES, E M        ",6,6,3,1,1,0,0,0,1,0,0,0,0
RHETOR,132,1,"WINTROUB, A M     ",0,9,13,7,0,0,0,0,0,0,1,0,0
RHETOR,133,1,"JONES, E M        ",7,5,2,3,2,0,0,0,0,0,0,0,0
RHETOR,140,1,"COFFEEN, D J      ",3,19,9,10,0,1,0,0,0,0,0,0,0
RHETOR,150,1,"BHANDARI, R       ",0,7,14,9,6,1,0,1,0,0,0,0,0
RHETOR, 152AC,1,"PERMAUL, N        ",0,4,2,2,7,0,0,0,0,0,0,0,0
RHETOR, 157A,1,"BATES, D W        ",0,8,3,4,0,2,0,1,0,0,0,0,2
RHETOR,164,1,"YOUNG, L W        ",0,5,7,2,7,4,5,1,2,0,0,0,0
RHETOR,167,1,"WESTON, N A       ",0,3,1,1,6,0,0,0,0,0,0,0,0
RHETOR,172,1,"BHANDARI, R       ",0,13,11,2,3,0,0,0,0,0,0,0,1
RHETOR,R001A,1,"GARCIA, J J       ",1,8,4,10,3,0,0,0,0,0,0,0,0
RHETOR,R001A,2,"GONZAGA, F P      ",0,6,9,10,1,2,1,0,0,0,0,0,0
RHETOR,R001A,4,"LEMPERT, B R      ",0,6,6,18,1,0,0,0,0,0,0,0,0
RHETOR,R001A,5,"BARNES, T L       ",1,5,6,6,5,2,2,0,0,0,0,0,0
RHETOR,R001B,2,"YOUNG, B J        ",0,4,14,7,2,0,1,1,1,0,0,0,0
RHETOR,R001B,3,"BASSIRI, N R      ",0,16,11,2,0,0,0,0,0,0,1,0,1
RHETOR,R001B,4,"BELISLE, B A      ",1,5,10,1,8,2,0,0,1,0,0,0,0
S ASIAN,121,1,"HART, G L         ",1,8,6,10,1,1,0,0,0,0,0,0,0
S ASIAN,144,1,"FARUQUI, M D      ",0,5,15,5,6,1,0,0,0,0,0,0,2
S ASIAN,146,1,"FARUQUI, M D      ",0,1,5,7,1,1,0,0,0,0,1,0,0
S ASIAN,C140,1,"GOLDMAN, R P      ",0,12,17,17,5,0,1,0,0,0,0,0,0
S ASIAN,R005A,1,"RADDOCK, E E      ",0,5,3,4,2,0,0,0,1,0,0,0,1
S ASIAN,R005A,2,"KESHAVAMURTHY, K  ",1,0,3,5,3,0,0,0,0,0,0,0,0
S ASIAN,R005A,3,"OBROCK, L J       ",0,5,6,2,2,1,0,1,0,0,0,0,0
S ASIAN,R005A,4,"MENA, C N         ",2,4,7,4,0,0,0,0,0,0,0,0,0
S ASIAN,R005A,5,"GOVIND, N         ",0,1,11,2,0,1,0,0,0,0,0,0,0
"S,SEASN",120,2,"BARRIOS-LEBLANC, M",2,10,4,1,0,0,0,0,0,0,0,0,0
"S,SEASN",R005A,1,"HADLER, J A       ",0,4,22,2,2,0,0,0,0,0,0,0,0
SCANDIN,123,1,"LINDOW, J         ",1,14,18,7,4,0,0,3,0,0,0,0,0
SCANDIN,C107,1,"SANDBERG, M B     ",0,7,2,2,3,1,0,0,0,0,0,0,0
SCANDIN,R005A,1,"SANDERS, K L      ",0,3,8,0,4,0,0,0,1,0,0,0,0
SCANDIN,R005A,2,"SANDERS, K L      ",0,0,7,1,6,1,1,0,0,0,1,0,0
SCANDIN,R005B,1,"SANDERS, K L      ",0,6,5,5,1,0,0,0,0,0,0,0,0
SCANDIN,R005B,2,"WICHMANN, S M     ",0,4,3,6,0,1,0,0,0,0,0,0,1
SCANDIN,R005B,3,"SANDERS, K L      ",0,7,4,2,3,0,0,0,0,0,0,0,0
SCANDIN,R005B,4,"SANDERS, K L      ",0,7,4,2,1,1,1,0,0,0,0,0,0
SEASIAN, 010A,1,"EDWARDS, P S      ",1,11,5,4,3,3,3,1,0,0,0,0,1
SLAVIC,1,1,"LITTLE, L C       ",4,6,2,0,0,0,0,0,0,0,0,0,0
SLAVIC,1,2,"LITTLE, L C       ",1,8,0,1,0,0,0,1,0,0,0,0,0
SLAVIC,1,3,"LITTLE, L C       ",0,5,4,0,2,3,1,0,0,0,0,0,0
SLAVIC,3,1,"LITTLE, L C       ",0,4,7,2,1,0,1,0,0,0,0,0,0
SLAVIC,45,1,"STONE, J C        ",0,12,16,10,7,0,2,0,0,0,0,0,0
SLAVIC, 103A,1,"ALEXEEV, A A      ",0,7,3,1,2,2,0,0,1,0,0,0,1
SLAVIC,109,1,"ALEXEEV, A A      ",0,9,4,0,0,0,0,0,0,0,0,0,0
SLAVIC,131,1,"RAM, H            ",1,6,4,0,1,0,0,0,0,0,0,0,0
SLAVIC, 134F,1,"NAIMAN, E         ",0,0,6,2,5,3,0,0,0,0,0,0,0
SLAVIC,140,1,"MUZA, A           ",1,8,1,3,0,0,0,0,0,0,0,0,0
SLAVIC,158,1,"ALEXANDER, R      ",0,4,2,1,4,1,1,1,0,0,0,0,1
SLAVIC,181,1,"MUZA, A           ",1,7,3,0,0,1,0,0,0,0,0,0,0
SLAVIC,R005A,1,"MATICH, O         ",0,3,7,2,3,1,0,1,0,0,0,0,0
SLAVIC,R005A,2,"MATICH, O         ",0,1,9,2,3,1,0,0,0,1,0,0,0
SLAVIC,R005B,1,"MATICH, O         ",1,6,3,4,1,0,1,0,0,0,0,0,0
SLAVIC,R005B,3,"STONE, J C        ",0,5,7,7,1,0,0,0,0,0,0,0,1
SOC WEL,110,1,"HASTINGS, J F     ",0,5,7,11,7,5,4,1,1,0,0,0,0
SOC WEL,112,1,"MIDGLEY, J        ",1,10,9,10,10,4,0,4,1,0,0,0,1
SOC WEL,114,1,"YING, Y           ",2,10,7,6,2,1,2,0,0,0,0,0,2
SOC WEL,116,1,"BERRICK, J D      ",0,1,20,9,11,4,1,0,0,0,0,0,0
SOCIOL,1,1,"SWIDLER, A        ",14,75,81,46,49,16,4,9,6,0,0,0,5
SOCIOL, 003AC,1,"KELSEY, M E       ",36,105,41,36,30,13,5,6,2,0,0,0,1
SOCIOL,5,1,"HAVEMAN, H A      ",6,10,21,32,25,8,6,2,3,1,0,0,2
SOCIOL,5,2,"NASATIR, D        ",9,69,25,9,10,3,4,1,0,0,0,0,0
SOCIOL, 101A,1,"BURAWOY, M B      ",0,14,25,24,55,26,9,12,2,0,1,0,4
SOCIOL, 101B,1,"STOCKINGER, J W   ",6,40,37,31,11,2,4,3,0,0,0,0,1
SOCIOL,110,1,"POWERS, B A       ",0,22,17,30,9,2,1,0,0,0,0,0,0
SOCIOL,113,1,"LUCAS, S R        ",0,2,10,11,12,2,4,1,1,0,1,0,1
SOCIOL,116,1,"HUANG, L B        ",0,10,11,7,7,1,1,1,1,0,0,0,0
SOCIOL,121,1,"GORDON, P H       ",9,66,5,1,2,2,0,1,0,0,0,0,0
SOCIOL, 122A,1,"PETERSEN, T K     ",1,9,4,4,6,2,3,1,0,1,0,0,2
SOCIOL,125,1,"OGUTU, F          ",22,16,10,5,14,2,1,4,5,0,0,1,2
SOCIOL, 128AC,1,"WEINTRAUB, M      ",1,4,7,3,0,1,0,3,1,0,0,0,1
SOCIOL, 131AC,1,"BARLOW, A L       ",0,9,20,14,12,3,1,2,0,0,0,0,1
SOCIOL,140,1,"ENRIQUEZ, L J     ",2,9,7,7,3,1,1,0,1,0,0,0,5
SOCIOL,143,1,"FLIGSTEIN, N D    ",1,5,11,12,9,7,3,2,2,0,0,0,2
SOCIOL,160,1,"VAISEY, S B       ",3,30,32,13,17,10,9,3,1,2,0,1,0
SOCIOL,165,1,"GORDON, P H       ",7,35,6,5,5,0,1,0,0,1,0,0,0
SOCIOL,170,1,"TUGAL, C Z        ",0,6,2,2,6,1,0,1,0,0,1,0,0
SOCIOL,172,1,"GOLD, T B         ",11,29,25,12,8,4,1,2,1,0,1,0,2
SOCIOL,190,1,"GOLD, T B         ",0,8,5,4,5,2,0,0,0,0,0,0,1
SOCIOL,190,3,"VOSS, K           ",0,11,2,1,0,1,0,0,0,0,0,0,0
SOCIOL,190,5,"VILLA-LOBOS, A D  ",1,9,3,2,4,1,0,0,0,0,0,0,0
SOCIOL,190,6,"SHARONE, O        ",5,5,4,4,2,1,0,0,0,0,0,0,0
SOCIOL,C126,1,"JOHNSON-HANKS, J  ",0,4,0,3,8,2,1,0,2,0,0,0,0
SOCIOL,C127,1,"JOHNSON-HANKS, J  ",6,25,0,5,28,1,3,8,1,0,1,0,1
SPANISH,1,2,"MUDIKUNEIL, J     ",2,7,4,2,1,0,0,0,1,0,0,0,0
SPANISH,1,3,"WARD, J A         ",0,5,4,4,3,2,0,1,0,0,1,0,0
SPANISH,1,4,"RAMOS, L          ",0,7,9,2,3,0,0,0,0,0,0,0,0
SPANISH,2,1,"MERCHAN CALLE, C  ",1,6,4,0,2,1,1,0,1,0,0,0,0
SPANISH,2,2,"BOTA, M J         ",0,8,4,1,1,0,0,1,0,0,0,0,0
SPANISH,2,3,JARAMILLO CASTRILL,0,12,5,2,0,0,0,2,0,0,0,0,0
SPANISH,2,4,"BUENROSTRO, G     ",2,8,5,1,1,0,0,1,0,0,0,0,0
SPANISH,2,5,"CHANG, J H        ",1,3,4,6,2,1,1,1,0,0,0,0,1
SPANISH,3,1,"OSPINA LEON, J    ",0,4,8,3,1,0,0,0,0,0,0,0,0
SPANISH,3,4,"LEFEBER, C H      ",1,9,8,1,0,0,0,0,0,0,0,0,0
SPANISH,3,5,"PILLADO, M A      ",0,8,7,3,1,1,0,0,0,0,0,0,0
SPANISH,4,1,"ZANDER, J S       ",0,4,6,2,2,1,1,0,0,0,0,0,0
SPANISH,4,2,"CORDERO SANCHEZ, L",0,4,6,2,4,0,0,0,0,0,0,0,0
SPANISH,4,3,"VARELA, T V       ",0,0,7,5,4,0,1,0,0,0,0,0,0
SPANISH,4,4,"NEMSER, D J       ",0,2,6,3,4,1,1,0,1,0,0,0,0
SPANISH,4,5,"SALVATIERRA, L    ",0,4,5,1,1,2,0,2,0,0,0,0,0
SPANISH,21,1,"MORAN, M C        ",0,5,4,0,7,2,0,1,0,0,0,0,0
SPANISH,22,1,"VILLALBA, C       ",0,5,5,7,4,0,0,0,0,0,2,0,0
SPANISH,25,1,RODRIGUEZ-CORREDOI,0,6,9,2,2,1,0,0,0,0,0,0,1
SPANISH,25,2,"MESROBIAN, L N    ",0,4,3,3,3,3,1,0,0,1,0,0,0
SPANISH,25,3,"SHELLHORSE, A J   ",1,9,4,3,1,0,0,0,0,0,0,0,0
SPANISH,25,4,"MARIE, D          ",1,5,3,3,1,1,3,0,0,0,0,0,0
SPANISH,25,5,"LEE, M H          ",0,4,7,2,2,1,0,0,1,0,0,0,0
SPANISH,100,1,"VILLAMIL ACERA, R ",1,12,4,2,2,3,1,2,0,0,0,0,0
SPANISH,100,2,"AMEAL GUERRA, A   ",0,1,4,3,2,3,0,0,1,0,0,0,0
SPANISH, 102A,1,"BARILI, A R       ",0,3,4,9,2,0,0,0,0,0,0,0,0
SPANISH, 102A,2,"BARILI, A R       ",0,3,5,8,3,0,1,0,0,0,0,0,1
SPANISH, 104A,1,"GARCIA-MORENO, L  ",1,7,6,6,8,1,1,0,1,1,0,0,0
SPANISH, 107A,1,"RUIZ, E G         ",3,13,3,0,4,1,0,0,0,0,0,0,1
SPANISH,117,1,"NAVARRETE, I E    ",0,5,10,5,4,2,1,1,0,0,0,0,0
SPANISH,135,2,"IAROCCI, M        ",0,5,15,8,1,0,0,0,0,0,0,0,0
SPANISH,135,4,"RAMOS, J          ",0,8,6,7,3,0,1,0,0,0,0,0,0
SPANISH, 135W,2,"IAROCCI, M        ",0,4,5,3,0,0,0,0,0,0,0,0,0
SPANISH, 135W,3,"MASIELLO, F R     ",1,3,7,2,1,1,0,0,0,0,0,0,0
SPANISH,167,1,"VILLAMIL ACERA, R ",2,7,3,0,1,0,0,0,0,0,0,0,0
SPANISH,179,1,"SEMPERE-MARTINEZ, ",0,4,5,1,1,3,0,1,0,0,0,0,0
STAT,2,1,"IBSER, F H        ",21,28,25,36,31,31,41,34,42,0,3,0,11
STAT,2,2,"D'ABRERA, H M     ",3,31,17,37,15,24,33,27,22,0,0,0,13
STAT,20,1,"HUERTA-SANCHEZ, E ",2,12,7,12,8,13,18,13,11,1,1,1,1
STAT,20,2,"ADHIKARI, A       ",1,13,7,6,13,15,12,19,8,0,0,0,4
STAT,21,1,"PURVES, R         ",0,45,38,35,33,34,48,42,62,0,0,0,2
STAT, 131A,1,"IBSER, F H        ",6,10,4,7,8,8,7,4,5,0,3,0,1
STAT, 131A,2,"CHENG, C          ",1,10,7,8,6,6,5,6,3,0,3,0,1
STAT,133,1,"KAUFMAN, C        ",5,10,17,3,6,5,1,2,1,0,3,0,2
STAT,134,1,"ADHIKARI, A       ",1,13,10,4,13,6,9,4,16,0,0,0,9
STAT,134,2,"BHATNAGAR, N      ",4,12,5,3,7,6,0,11,0,0,3,0,1
STAT,134,3,"KLASS, M J        ",2,8,2,2,12,4,0,0,0,0,1,0,0
STAT,135,1,"RICE, J A         ",5,11,8,6,8,4,8,9,4,0,2,0,1
STAT,152,1,"NOLAN, D A        ",1,12,3,5,3,1,3,3,0,0,0,0,0
STAT,153,1,"BRILLINGER, D R   ",2,8,10,3,9,7,3,5,3,1,1,0,0
STAT,155,1,"CHATTERJEE, S     ",1,5,8,10,7,1,1,2,0,0,0,0,2
STAT,157,1,"ALDOUS, D J       ",0,13,13,5,6,0,0,0,0,0,0,0,0
TAGALG, 001A,2,"BARRIOS-LEBLANC, M",1,26,5,0,0,0,0,0,0,0,0,0,0
TAGALG, 100A,1,"BARRIOS-LEBLANC, M",3,24,4,0,0,0,0,0,0,0,0,0,0
THAI, 001A,1,"KEPNER, S F       ",1,22,0,0,0,0,0,0,0,0,0,0,0
THEATER,10,1,"BERMAN, M S       ",0,9,1,2,0,0,0,1,0,0,0,0,0
THEATER,10,3,"GREENE, M C       ",0,3,11,2,1,2,0,0,0,0,1,0,0
THEATER,10,4,"CARROLL, M D      ",1,9,4,0,0,0,0,0,0,0,0,0,0
THEATER,11,1,"NICHOLSON, J      ",0,7,3,1,1,0,0,0,0,0,0,0,0
THEATER,11,2,"HEROLD, C T       ",0,13,2,0,0,0,0,0,0,0,0,0,0
THEATER,26,1,"STEEN, S          ",0,7,5,3,4,2,1,0,0,0,0,0,0
THEATER, 040A,1,"BARRUETO CABELLO, ",0,25,4,0,0,2,0,0,0,0,0,0,0
THEATER, 052AC,1,"JOHNSON, J L      ",18,23,4,8,17,6,4,1,2,0,2,0,0
THEATER,60,1,"KILLION, C D      ",0,3,23,6,6,2,1,0,0,0,0,0,0
THEATER, 110A,1,"BERMAN, M S       ",0,11,3,1,0,0,0,0,0,0,0,0,0
THEATER, 110A,2,"SUSSEL, D         ",0,11,5,0,0,0,0,0,0,0,0,0,0
THEATER,111,1,"DOLAS, L          ",0,12,1,0,0,0,0,0,0,0,0,0,0
THEATER,119,1,"DE KOSNIK, A T    ",20,7,0,0,0,0,0,1,0,0,0,0,0
THEATER,121,1,"COLE, C M         ",0,3,4,1,1,1,1,3,1,0,0,0,0
THEATER,125,1,"GORDON, M         ",2,1,2,3,5,2,1,0,0,0,0,0,2
THEATER,125,2,"GRIFFITH, M       ",2,1,2,7,0,3,0,2,0,0,0,0,1
THEATER,125,3,"JOHNSON, J L      ",0,9,1,1,1,0,0,1,0,0,1,0,1
THEATER,126,1,"GLAZER, P         ",0,6,8,6,8,1,2,3,0,1,0,0,1
THEATER,139,1,"GORDON, M         ",1,9,6,0,0,0,0,0,0,0,0,0,0
THEATER, 141A,1,"SMITH, A F        ",6,29,2,0,1,0,0,0,0,0,0,0,0
THEATER, 142A,1,"HARDT, Y          ",5,8,2,0,0,0,0,0,0,0,0,0,0
THEATER, 146A,1,"WYMORE, E A       ",0,17,1,0,0,0,0,0,0,0,0,0,0
THEATER, 174A,1,"SMART, C A        ",0,2,6,4,4,1,0,0,0,0,0,0,0
THEATER, 175A,1,"ELLIOTT, D K      ",1,3,3,1,1,1,2,0,0,0,0,0,1
THEATER,180,2,"GOODE, J A        ",0,11,0,0,0,0,0,0,0,0,0,0,1
THEATER,181,1,"GLAZER, P         ",16,1,1,1,0,0,0,0,0,0,0,0,0
THEATER,C107,1,"SANDBERG, M B     ",1,1,4,3,2,2,0,0,0,0,0,0,0
THEATER,R001A,1,"HARDT, Y          ",0,4,8,4,0,0,0,0,0,0,0,0,0
THEATER,R001A,3,"STEEN, S          ",0,1,4,3,6,0,0,0,0,0,0,0,0
THEATER,R001A,4,"GRIFFITH, M       ",3,6,3,1,0,0,0,0,1,0,0,0,0
THEATER,R001A,5,"GLAZER, P         ",0,6,4,6,1,1,0,0,0,0,0,0,0
THEATER,R001A,6,"COLE, C M         ",0,8,6,4,0,0,0,0,0,0,0,0,0
THEATER,R001A,7,"COLE, C M         ",0,3,6,3,5,0,2,0,0,0,0,0,0
THEATER,R001A,8,"CATANESE, B N     ",0,3,10,5,0,0,0,0,0,0,0,0,0
TURKISH, 001A,1,"DICKINSON, K A    ",1,2,3,5,0,1,0,0,0,0,0,0,0
UGBA,10,1,"ROBINSON, D O     ",25,40,68,104,67,43,30,20,15,0,5,0,12
UGBA,100,1,"PEREZ-REYES, A    ",0,2,6,10,5,1,0,0,0,0,0,0,0
UGBA, 101A,1,"OLIVEROS, S       ",4,14,8,12,10,6,3,2,1,0,2,0,0
UGBA, 101A,2,"OLIVEROS, S       ",3,12,10,11,7,5,2,2,0,0,2,0,0
UGBA, 101A,3,"MARSCHAK, T A     ",0,45,20,15,14,12,6,5,4,0,2,0,4
UGBA, 101A,4,"MARSCHAK, T A     ",0,47,13,10,14,13,9,4,3,0,5,0,0
UGBA, 102A,1,"GEYER, D          ",7,17,50,31,65,24,9,4,4,0,3,0,0
UGBA, 102A,2,"BROOKS, R Y       ",14,81,64,48,33,21,8,2,2,0,0,0,0
UGBA,103,1,"OPP, M M          ",33,30,32,60,53,30,8,3,0,1,0,0,1
UGBA,105,1,"ROBERTS, K A      ",0,24,49,67,73,18,5,0,0,0,0,0,4
UGBA,106,1,"ROBINSON, D O     ",7,26,26,45,56,20,21,10,7,0,0,0,0
UGBA,107,1,"ROSS, A D         ",1,8,5,22,13,4,3,0,2,0,0,0,1
UGBA,118,1,"WOOD, S A         ",5,10,15,12,4,1,1,0,1,0,2,0,1
UGBA, 120A,1,"CERF, A R         ",1,25,2,8,18,3,0,3,1,0,0,0,0
UGBA, 120A,2,"STANTON, F V      ",7,10,16,5,6,11,1,1,1,0,0,0,0
UGBA, 120B,1,"STANTON, F V      ",8,9,11,4,16,10,0,3,1,0,1,0,0
UGBA,121,1,"CERF, A R         ",1,25,1,6,22,7,0,1,1,0,0,0,0
UGBA,122,1,"STANTON, F V      ",6,10,9,8,12,5,2,1,1,0,0,0,0
UGBA,126,1,"BERDE, S S        ",1,10,11,5,2,0,0,1,0,0,0,0,0
UGBA,127,1,"BROOKS, R Y       ",2,14,10,5,1,0,0,0,0,0,0,0,0
UGBA,131,1,"ETTER, S W        ",2,19,19,3,11,0,0,0,0,0,0,0,0
UGBA,133,1,"DISTAD, D C       ",17,7,12,10,7,0,0,0,0,0,0,0,0
UGBA,133,2,"DISTAD, D C       ",8,5,5,1,3,2,0,0,0,0,0,0,0
UGBA,151,1,"BANKS, C G        ",0,9,10,12,5,6,5,2,0,0,0,0,0
UGBA,152,1,"DAYONOT, T M      ",1,14,25,6,0,0,0,0,1,0,0,0,0
UGBA,152,2,"SCHROTH, H A      ",0,8,16,5,10,1,0,0,0,0,0,0,0
UGBA,161,1,"CHRISTEN, F G     ",1,1,6,2,4,4,0,1,0,0,0,0,1
UGBA,167,1,"PEREZ-REYES, A    ",0,7,9,11,9,2,1,0,0,0,0,0,0
UGBA,167,2,"DAVIS, S A        ",0,11,7,0,6,6,1,0,0,0,0,0,0
UGBA,175,1,"ROSS, A D         ",0,7,8,10,13,10,3,6,2,0,0,0,1
UGBA,183,1,"HALL, A           ",6,24,4,1,2,1,0,0,0,0,0,0,0
UGBA, 192P,1,"MACKNESS, J       ",0,4,7,8,7,4,2,0,0,0,0,0,0
UGBA, 195P,1,"MOLLOY, P W       ",0,8,12,16,4,2,0,0,0,0,0,0,0
UGBA,196,1,"SONNENSCHEIN, W H ",0,10,16,13,4,2,0,0,0,0,0,0,0
UGBA,196,2,"SELINGER, F       ",0,27,15,8,2,1,0,0,0,0,0,0,0
UGBA,196,3,"SELINGER, F       ",0,30,15,4,2,1,0,0,0,0,0,0,0
UGBA,196,4,"SELINGER, F       ",1,6,10,3,1,3,0,3,0,0,0,0,0
UGBA,196,5,"WORTHINGTON, C A  ",0,5,3,8,2,0,0,0,0,0,0,0,0
UGIS,110,1,"SAXTON, M         ",0,24,7,0,1,1,1,0,0,0,0,0,0
VIETNMS, 001A,1,"TRAN, B H         ",3,18,5,4,0,0,0,0,0,0,0,0,0
VIETNMS, 001A,2,"TRAN, B H         ",5,20,5,0,0,0,0,0,0,0,0,0,0
VIETNMS, 100A,1,"TRAN, B H         ",2,21,7,0,0,0,0,0,0,0,0,0,0
VIETNMS, 100A,2,"TRAN, H           ",0,3,16,4,0,0,0,0,0,0,0,0,0
VIETNMS, 101A,1,"TRAN, H           ",0,1,8,0,2,0,0,0,0,0,0,0,0
VIS STD, 180A,1,"SLUSKY, J         ",0,13,4,1,0,0,0,0,0,0,0,0,1
VIS STD,181,1,"DELANEY, J C      ",1,7,5,3,0,0,1,1,0,0,0,0,0
VIS STD,181,2,"DELANEY, J C      ",0,13,4,3,0,0,0,0,0,0,0,0,0
VIS STD, 185X,1,"DUBOVSKY, A O     ",0,8,1,1,1,0,0,0,0,0,0,0,0
VIS STD, 186B,1,"BOURDIER, J P     ",2,5,5,2,1,0,0,0,0,0,0,0,0
VIS STD, 187A,1,"SLUSKY, J         ",0,11,13,2,1,0,0,0,0,0,0,0,0